timestamp,gpu_power
.000692424,130.49
.023178823,130.49
.045264769,130.49
.067609470,130.52
.089883226,130.52
.112078742,130.52
.134308913,130.52
.156504140,130.52
.178576517,130.55
.200505917,130.55
.222578134,130.55
.244612527,130.55
.266973996,130.55
.289062469,130.55
.311154079,130.55
.333008662,130.55
.355237201,130.55
.377262730,130.55
.399439717,130.55
.421270779,130.55
.443373141,130.55
.465903188,130.55
.489119610,130.53
.511699737,130.53
.534212568,130.53
.556716950,130.53
.579343382,130.51
.601865684,130.51
.624258225,130.48
.720788660,130.48
.757197264,130.48
.787904394,130.45
.839928694,130.45
.881887760,130.45
.930866297,130.48
1.006871955,130.48
1.046782166,130.48
1.096864523,130.45
1.131674741,130.45
1.154747481,130.45
1.177834558,130.53
1.207979538,130.53
1.243821383,130.53
1.281799540,130.51
1.317505319,130.51
1.346461134,130.51
1.369673236,130.51
1.392905050,130.62
1.416045024,130.62
1.439164613,130.62
1.468097836,130.74
1.504345893,130.74
1.542976345,130.74
1.566104894,130.74
1.589056898,130.88
1.611779682,130.88
1.660858604,130.96
1.710828385,130.96
1.733979270,130.96
1.757193164,130.96
1.780387186,131.11
1.803537079,131.11
1.826559035,131.11
1.849499486,131.11
1.877956255,131.24
1.911721884,131.24
1.943795398,131.24
1.980790728,131.33
2.003910060,131.33
2.026953264,131.33
2.050072309,131.33
2.073560638,131.33
2.097033767,131.42
2.123940247,131.42
2.160134319,131.42
2.197261170,131.41
2.221189600,131.41
2.244943212,131.41
2.268507702,131.41
2.291715676,131.62
2.315157061,131.62
2.338647598,131.62
2.362279704,131.62
2.385618464,131.59
2.408774309,131.59
2.431726920,131.59
2.454734252,131.59
2.477870161,131.59
2.501307129,131.53
2.524696289,131.53
2.547929063,131.53
2.571000076,131.53
2.593843310,131.49
2.616892818,131.49
2.640062647,131.49
2.663174396,131.49
2.686551588,131.55
2.710058605,131.55
2.733594295,131.55
2.757163969,131.55
2.780778123,131.67
2.803961680,131.67
2.827044341,131.67
2.850281243,131.67
2.873954470,131.67
2.897462351,131.67
2.920674901,131.67
2.944147037,131.67
2.981997544,136.72
3.006722079,136.72
3.031006289,136.72
3.055547590,136.72
3.080127419,172.90
3.105296631,172.90
3.129642281,172.90
3.153732185,172.90
3.177804168,172.90
3.201760534,218.10
3.258641144,218.10
3.282272642,218.10
3.308005829,218.10
3.331746672,261.29
3.355231545,261.29
3.378944293,261.29
3.402362157,261.29
3.425465105,294.18
3.448363603,294.18
3.471565913,294.18
3.494951873,294.18
3.518768685,329.73
3.542452536,329.73
3.566298309,329.73
3.589630380,329.73
3.613533754,329.73
3.637084132,364.89
3.660394922,364.89
3.683594896,364.89
3.707739584,364.89
3.731029671,405.37
3.754402094,405.37
3.777666133,405.37
3.800645464,405.37
3.823910462,434.97
3.847051363,434.97
3.869864996,434.97
3.892838791,434.97
3.916463313,470.41
3.939726647,470.41
3.963053246,470.41
3.987157934,470.41
4.010916857,470.41
4.033781243,494.27
4.056765630,494.27
4.079609599,494.27
4.102574562,494.27
4.125449156,492.18
4.148536648,492.18
4.171503659,492.18
4.194596367,492.18
4.218453980,489.16
4.241666786,489.16
4.264717413,489.16
4.287607591,489.16
4.312853540,489.16
4.335641477,487.35
4.358643944,487.35
4.381562442,487.35
4.404537357,487.35
4.427450319,485.81
4.450629492,485.81
4.473809818,485.81
4.496569274,485.81
4.519947586,484.10
4.542931173,484.10
4.565851943,484.10
4.588832810,484.10
4.611701708,484.10
4.634635950,482.90
4.657780787,482.90
4.680497331,482.90
4.703186419,482.90
4.726370648,484.20
4.749691071,484.20
4.772491615,484.20
4.795280352,484.20
4.818061601,484.20
4.841083524,485.98
4.864051399,485.98
4.886609573,485.98
4.909586279,485.98
4.932605451,488.19
4.955782768,488.19
4.986949134,488.19
5.009715695,488.19
5.032736626,489.37
5.055883607,489.37
5.078780537,489.37
5.101973950,489.37
5.124894496,491.60
5.147879939,491.60
5.170640867,491.60
5.193397155,491.60
5.216434823,491.60
5.239508523,495.01
5.262747760,495.01
5.285504241,495.01
5.308825879,495.01
5.331858043,499.22
5.355027072,499.22
5.377877089,499.22
5.403024572,499.22
5.426324034,502.88
5.449368678,502.88
5.471973060,502.88
5.494789381,502.88
5.517836105,502.88
5.540864556,509.62
5.563803055,509.62
5.586635504,509.62
5.609621939,509.62
5.632345747,514.08
5.655412822,514.08
5.678137782,514.08
5.700930455,514.08
5.723749976,514.47
5.747008510,514.47
5.769964128,514.47
5.792716256,514.47
5.815594210,514.47
5.838379778,514.36
5.861280388,514.36
5.883966947,514.36
5.907046855,514.36
5.930685841,513.92
5.953607539,513.92
5.987151660,513.92
6.010441106,513.92
6.033725432,513.88
6.057081887,513.88
6.079907712,513.88
6.102661216,513.88
6.125911782,513.74
6.149135243,513.74
6.172230991,513.74
6.195104305,513.74
6.218062003,513.74
6.241681149,515.56
6.264783777,515.56
6.287532513,515.56
6.310396386,515.56
6.333737385,522.18
6.356988558,522.18
6.379959185,522.18
6.405162540,522.18
6.428234448,528.20
6.451478198,528.20
6.474712507,528.20
6.497794463,528.20
6.520657344,528.20
6.543588226,532.54
6.566802375,532.54
6.590023597,532.54
6.612926607,532.54
6.635832976,537.95
6.658745202,537.95
6.681844406,537.95
6.705009147,537.95
6.727857244,546.23
6.750776574,546.23
6.773680031,546.23
6.797029606,546.23
6.820251563,546.23
6.843348303,554.32
6.866454707,554.32
6.889313780,554.32
6.912803100,554.32
6.935899584,560.91
6.959016420,560.91
6.987583909,560.91
7.010159043,560.91
7.033128389,560.91
7.056437355,569.55
7.079585104,569.55
7.102576306,569.55
7.125829112,569.55
7.149110557,578.11
7.172123392,578.11
7.195090595,578.11
7.217755649,578.11
7.240873573,585.23
7.264894676,585.23
7.287858390,585.23
7.310666550,585.23
7.334152830,585.23
7.357202562,586.96
7.380532424,586.96
7.403736013,586.96
7.426808208,586.96
7.452488977,587.00
7.475534548,587.00
7.498979516,587.00
7.522366819,587.00
7.545148643,586.15
7.568193414,586.15
7.591502861,586.15
7.614752690,586.15
7.637851830,586.15
7.660425652,585.31
7.683572152,585.31
7.706826973,585.31
7.729961794,585.31
7.752974788,585.41
7.775844038,585.41
7.799016010,585.41
7.822748309,585.41
7.846290813,584.12
7.869307488,584.12
7.892178177,584.12
7.915146019,584.12
7.938878382,583.20
7.962330037,583.20
7.987160876,583.20
8.010362993,583.20
8.033652599,583.20
8.056888156,584.26
8.079986912,584.26
8.102854528,584.26
8.126095590,584.26
8.149373771,587.70
8.172538320,587.70
8.195997975,587.70
8.219200284,587.70
8.242141086,589.42
8.264997791,589.42
8.288426246,589.42
8.312039695,589.42
8.335210132,589.42
8.358140021,591.72
8.381234361,591.72
8.403989081,591.72
8.427468289,591.72
8.451098698,597.08
8.474249934,597.08
8.498436126,597.08
8.521856933,597.08
8.545415662,601.42
8.568833333,601.42
8.591975033,601.42
8.614754105,601.42
8.637762460,601.42
8.660834463,607.25
8.683928739,607.25
8.706874117,607.25
8.730111338,607.25
8.752862825,612.04
8.775962157,612.04
8.799617654,612.04
8.823087710,612.04
8.846472677,616.55
8.869308037,616.55
8.892525034,616.55
8.915457963,616.55
8.938866962,616.55
8.962325882,622.44
8.987862041,622.44
9.010763642,622.44
9.033815325,622.44
9.057220931,622.44
9.080409224,625.49
9.103549004,625.49
9.126339724,625.49
9.149490160,625.49
9.172915863,626.78
9.196339294,626.78
9.219458209,626.78
9.242583845,626.78
9.265729321,628.64
9.288945422,628.64
9.312681432,628.64
9.335824700,628.64
9.359034273,628.10
9.381972323,628.10
9.405242600,628.10
9.428152873,628.10
9.452005333,628.10
9.475115353,627.12
9.498343261,627.12
9.521353152,627.12
9.544907432,627.12
9.569046391,626.43
9.592866243,626.43
9.615957798,626.43
9.638823655,626.43
9.662057964,625.53
9.685031950,625.53
9.708166290,625.53
9.730874129,625.53
9.754392985,625.53
9.777420315,625.63
9.800951619,625.63
9.824338986,625.63
9.847802993,625.63
9.870839572,624.63
9.893831670,624.63
9.916983642,624.63
9.940187326,624.63
9.963974057,624.46
9.987056972,624.46
10.010153231,624.46
10.033132881,624.46
10.057193343,624.46
10.080664967,624.51
10.104299696,624.51
10.127559349,624.51
10.150458070,624.51
10.173672154,626.19
10.197244227,626.19
10.220651146,626.19
10.243890542,626.19
10.267147187,627.55
10.290384216,627.55
10.313613693,627.55
10.337410984,627.55
10.360773166,630.47
10.383944594,630.47
10.406970357,630.47
10.429840661,630.47
10.452902808,630.47
10.476497345,634.43
10.500387853,634.43
10.524170584,634.43
10.547365148,634.43
10.570228061,638.62
10.596547268,638.62
10.620049804,638.62
10.643941944,638.62
10.667129628,642.11
10.690333313,642.11
10.713540357,642.11
10.736473478,642.11
10.760563413,645.18
10.784154909,645.18
10.807460035,645.18
10.830463429,645.18
10.853504999,645.18
10.877297202,649.92
10.900965275,649.92
10.924712710,649.92
10.948010859,649.92
10.981249984,652.28
11.004338083,652.28
11.027851530,652.28
11.051293809,652.28
11.074604599,655.76
11.097641689,655.76
11.120930590,655.76
11.144198083,655.76
11.167627722,655.87
11.190983184,655.87
11.214473623,655.87
11.237349368,655.87
11.260351162,655.87
11.283687808,657.36
11.307223495,657.36
11.330568717,657.36
11.353961460,657.36
11.376927829,658.72
11.399985528,658.72
11.423171260,658.72
11.446892038,658.72
11.470477550,657.97
11.493911157,657.97
11.516692757,657.97
11.539561781,657.97
11.562803674,657.97
11.586544900,657.28
11.610154157,657.28
11.636481172,657.28
11.659602391,657.28
11.682559385,656.84
11.705823454,656.84
11.729243268,656.84
11.753029487,656.84
11.776239187,656.57
11.799501112,656.57
11.822563067,656.57
11.845215128,656.57
11.869349191,655.70
11.892614380,655.70
11.915832112,655.70
11.938858450,655.70
11.962242552,655.70
11.989057124,656.12
12.012293193,656.12
12.035567246,656.12
12.058553935,656.12
12.082829375,655.16
12.105766816,655.16
12.129202951,655.16
12.152930065,655.16
12.176742300,655.16
12.200023457,654.99
12.223216293,654.99
12.246223911,654.99
12.269564524,654.99
12.292926322,654.62
12.316003125,654.62
12.339015991,654.62
12.362090041,654.62
12.386307945,655.06
12.409624654,655.06
12.433711804,655.06
12.456980257,655.06
12.480269094,655.06
12.504054640,658.89
12.527558008,658.89
12.550791388,658.89
12.574390500,658.89
12.597914604,661.59
12.621605942,661.59
12.644626328,661.59
12.667875996,661.59
12.692866164,664.25
12.716134137,664.25
12.739829667,664.25
12.763667982,664.25
12.786760304,667.37
12.809703025,667.37
12.832931189,667.37
12.856468861,667.37
12.880099526,667.37
12.903316138,670.30
12.926969427,670.30
12.950172022,670.30
12.988007166,670.30
13.011033984,672.20
13.034788074,672.20
13.058302993,672.20
13.081765720,672.20
13.105068669,676.12
13.128277985,676.12
13.151536165,676.12
13.175080493,676.12
13.198059983,676.12
13.222100188,677.85
13.245111006,677.85
13.268004766,677.85
13.292043083,677.85
13.315266095,680.17
13.338639061,680.17
13.362144092,680.17
13.385339104,680.17
13.408424515,682.09
13.431346019,682.09
13.454478438,682.09
13.477980622,682.09
13.501164913,682.10
13.524714937,682.10
13.548159071,682.10
13.571334499,682.10
13.595093069,682.10
13.618166512,683.26
13.641482869,683.26
13.664897851,683.26
13.688208832,683.26
13.711250306,682.74
13.734280292,682.74
13.757399015,682.74
13.783908112,682.74
13.807815259,681.93
13.830981759,681.93
13.853796094,681.93
13.876896128,681.93
13.900112484,681.93
13.923104165,682.07
13.946350218,682.07
13.981449683,682.07
14.004963930,681.69
14.028080668,681.69
14.051211103,681.69
14.074433219,681.69
14.098911925,681.69
14.122027704,681.29
14.145232124,681.29
14.168369374,681.29
14.191521026,681.29
14.215248459,681.51
14.238493263,681.51
14.261841717,681.51
14.285308347,681.51
14.308280540,681.34
14.331291390,681.34
14.354929126,681.34
14.378050185,681.34
14.401954293,680.48
14.425362875,680.48
14.448410845,680.48
14.471449566,680.48
14.494738275,680.48
14.517962407,680.09
14.541111178,680.09
14.563937898,680.09
14.587513521,680.09
14.610790486,682.26
14.634154075,682.26
14.657674563,682.26
14.681144745,682.26
14.705199127,683.51
14.728436219,683.51
14.752062019,683.51
14.775557290,683.51
14.798872207,683.51
14.824932562,685.78
14.848435385,685.78
14.871692285,685.78
14.895375462,685.78
14.918531113,687.40
14.941355528,687.40
14.964244072,687.40
14.988955613,687.40
15.013335469,689.20
15.036899381,689.20
15.060821152,689.20
15.083850914,689.20
15.107986352,691.56
15.131039986,691.56
15.154586777,691.56
15.178261666,691.56
15.201884234,691.56
15.225465874,693.30
15.248517140,693.30
15.271697335,693.30
15.294932027,693.30
15.319293163,695.54
15.342912915,695.54
15.366563164,695.54
15.390694730,695.54
15.413821709,697.69
15.437133713,697.69
15.460112466,697.69
15.483133364,697.69
15.506778492,697.69
15.530316675,699.25
15.553616520,699.25
15.576551977,699.25
15.599886350,699.25
15.623035344,698.64
15.646559799,698.64
15.669828572,698.64
15.693642534,698.64
15.717167469,700.32
15.740328464,700.32
15.763675541,700.32
15.787135068,700.32
15.810523777,701.63
15.836966056,701.63
15.860807987,701.63
15.884203480,701.63
15.907296474,701.63
15.930573855,703.24
15.954033317,703.24
15.987776830,703.24
16.011548360,703.24
16.035119663,704.09
16.058168433,704.09
16.081633111,704.09
16.104675385,704.09
16.128557252,704.14
16.152175883,704.14
16.175870420,704.14
16.199308794,704.14
16.223488073,703.36
16.246713676,703.36
16.269898799,703.36
16.293206452,703.36
16.317275009,703.36
16.340586021,702.40
16.363756872,702.40
16.386793226,702.40
16.409898572,702.40
16.433268593,702.59
16.456834617,702.59
16.480349407,702.59
16.504035752,702.59
16.527487534,702.48
16.550430927,702.48
16.573090092,702.48
16.596807541,702.48
16.620966563,700.53
16.644262567,700.53
16.667735406,700.53
16.690943313,700.53
16.714634682,700.53
16.737829917,699.90
16.761404837,699.90
16.784798858,699.90
16.808159695,699.90
16.831681014,699.76
16.854738487,699.76
16.881082557,699.76
16.904312833,699.76
16.927546468,699.17
16.950760647,699.17
16.987504258,699.17
17.011045769,699.17
17.033995689,700.89
17.057825395,700.89
17.081259033,700.89
17.104778080,700.89
17.128611370,701.37
17.151942222,701.37
17.175133105,701.37
17.198272660,701.37
17.221095091,701.37
17.244540153,702.46
17.267810077,702.46
17.291120289,702.46
17.314541095,702.46
17.337557992,704.57
17.360711722,704.57
17.383864877,704.57
17.407368659,704.57
17.430741208,704.75
17.453891195,704.75
17.477087454,704.75
17.500131263,704.75
17.523129536,704.75
17.546383076,707.30
17.569980428,707.30
17.593547955,707.30
17.616970392,707.30
17.640124091,688.18
17.663489632,688.18
17.686559202,688.18
17.710062888,688.18
17.733318284,654.16
17.756671153,654.16
17.779894388,654.16
17.803103671,654.16
17.826389275,654.16
17.849856609,620.35
17.872779393,620.35
17.895871298,620.35
17.918804418,620.35
17.966147347,580.44
17.989409143,580.44
18.012699226,580.44
18.035687867,580.44
18.058624283,543.24
18.081757821,543.24
18.104601404,543.24
18.127506204,543.24
18.150528829,543.24
18.173404892,507.32
18.196415741,507.32
18.219326077,507.32
18.242407678,507.32
18.265728387,478.60
18.289050567,478.60
18.312241034,478.60
18.335444813,478.60
18.359506457,438.10
18.382619227,438.10
18.405811262,438.10
18.429141859,438.10
18.452384038,438.10
18.475535560,402.39
18.498628330,402.39
18.522137456,402.39
18.545440917,402.39
18.568807449,367.08
18.592002012,367.08
18.615441250,367.08
18.638673861,367.08
18.662298157,360.12
18.685342478,360.12
18.708077292,360.12
18.731165646,360.12
18.754196431,360.12
18.777262256,361.28
18.800323377,361.28
18.823366322,361.28
18.846242065,361.28
18.869860345,359.69
18.893144956,359.69
18.916341695,359.69
18.939295071,359.69
18.962183455,360.14
18.987855165,360.14
19.012747186,360.14
19.036383098,360.14
19.059593917,360.14
19.082939745,360.44
19.106453768,360.44
19.129635914,360.44
19.152929166,360.44
19.176042416,359.72
19.199004560,359.72
19.222498422,359.72
19.246331552,359.72
19.269752613,360.71
19.293273515,360.71
19.316588719,360.71
19.339469039,360.71
19.362748402,360.71
19.385909557,359.35
19.408818516,359.35
19.431754036,359.35
19.454891670,359.35
19.478044536,360.69
19.501007704,360.69
19.524037209,360.69
19.547303837,360.69
19.570818307,360.26
19.593939717,360.26
19.616865765,360.26
19.639833701,360.26
19.662751173,360.26
19.685578883,360.60
19.708470146,360.60
19.731081919,360.60
19.754261537,360.60
19.777310946,360.46
19.800514053,360.46
19.823927946,360.46
19.847159341,360.46
19.871074999,359.89
19.894537245,359.89
19.917879681,359.89
19.941112452,359.89
19.964624042,359.89
19.988842296,361.13
20.012089435,361.13
20.035452768,361.13
20.058933925,361.13
20.083323509,360.34
20.106509080,360.34
20.129533848,360.34
20.152610073,360.34
20.175681659,360.34
20.198563610,361.50
20.221520089,361.50
20.244663611,361.50
20.267724028,361.50
20.290929215,360.52
20.314219939,360.52
20.337218243,360.52
20.360365157,360.52
20.383608872,360.23
20.406456295,360.23
20.429295365,360.23
20.452095140,360.23
20.475164069,360.23
20.497819265,361.91
20.520587679,361.91
20.543388381,361.91
20.566627072,361.91
20.589893827,360.35
20.613324009,360.35
20.636722061,360.35
20.659936080,360.35
20.683498167,360.35
20.707187903,361.56
20.730596132,361.56
20.753994857,361.56
20.777441774,361.56
20.800617136,360.98
20.823608112,360.98
20.846777586,360.98
20.870379289,360.98
20.893494586,361.79
20.916765182,361.79
20.940110722,361.79
20.963463302,361.79
20.987785109,361.79
21.011113561,361.12
21.034086744,361.12
21.057010872,361.12
21.079806262,361.12
21.103110393,360.54
21.126321116,360.54
21.149275003,360.54
21.172350557,360.54
21.195617024,360.54
21.219065669,361.96
21.242186534,361.96
21.265184935,361.96
21.289001712,361.96
21.311869071,361.03
21.334828238,361.03
21.357773806,361.03
21.380842223,361.03
21.403823631,361.60
21.426781007,361.60
21.449831535,361.60
21.472852752,361.60
21.496180404,361.60
21.519619705,361.27
21.542892572,361.27
21.566319681,361.27
21.589521091,361.27
21.612649989,361.36
21.635818983,361.36
21.658863784,361.36
21.682331341,361.36
21.705648593,361.33
21.729154455,361.33
21.752462202,361.33
21.775511547,361.33
21.798871263,361.33
21.822380549,361.29
21.845744649,361.29
21.868907339,361.29
21.892326959,361.29
21.915556690,360.86
21.938511185,360.86
21.961582898,360.86
21.988025560,360.86
22.011417149,361.05
22.034505118,361.05
22.057570591,361.05
22.080613567,361.05
22.103960483,361.19
22.127320775,361.19
22.151215473,361.19
22.174493044,361.19
22.198151995,361.19
22.221149691,360.99
22.244690497,360.99
22.267916356,360.99
22.291240008,360.99
22.314638476,360.65
22.337758221,360.65
22.360700045,360.65
22.384277299,360.65
22.407804729,361.26
22.431298847,361.26
22.454714531,361.26
22.478465836,361.26
22.501909841,361.02
22.525117331,361.02
22.548448919,361.02
22.571905244,361.02
22.595313728,361.02
22.618443362,362.13
22.641532707,362.13
22.664611972,362.13
22.687657828,362.13
22.710767365,361.35
22.733913191,361.35
22.756841190,361.35
22.779766117,361.35
22.802903751,361.36
22.825835270,361.36
22.848637603,361.36
22.871433281,361.36
22.894650275,361.36
22.917676291,361.66
22.940689859,361.66
22.963589314,361.66
22.987798735,361.66
23.011240308,361.38
23.034439670,361.38
23.057477238,361.38
23.080511319,361.38
23.104516258,361.06
23.127767460,361.06
23.150707236,361.06
23.173679299,361.06
23.199397313,361.06
23.222712709,361.05
23.246711440,361.05
23.269947570,361.05
23.293261717,361.05
23.316811259,361.27
23.340183263,361.27
23.363612100,361.27
23.387233739,361.27
23.410581550,360.94
23.434099700,360.94
23.457953661,360.94
23.481256160,360.94
23.504573540,360.94
23.528158858,360.96
23.551270379,360.96
23.574690608,360.96
23.597803473,360.96
23.620850353,360.11
23.643814609,360.11
23.666706927,360.11
23.689709711,360.11
23.712663503,361.49
23.735878289,361.49
23.758743055,361.49
23.781754639,361.49
23.804774351,361.49
23.827485419,362.49
23.850348201,362.49
23.873331561,362.49
23.896726253,362.49
23.919608907,361.44
23.942480842,361.44
23.965544650,361.44
23.988618635,361.44
24.011762892,361.44
24.035051279,362.03
24.058371154,362.03
24.081651125,362.03
24.105086713,362.03
24.128100697,362.47
24.151162681,362.47
24.174199833,362.47
24.197267290,362.47
24.220363515,362.40
24.245999640,362.40
24.269170489,362.40
24.292870977,362.40
24.316453127,362.40
24.339925644,362.79
24.363116013,362.79
24.386371632,362.79
24.409574290,362.79
24.432909621,361.96
24.456163288,361.96
24.479419578,361.96
24.502659901,361.96
24.525798590,362.66
24.549000768,362.66
24.572224514,362.66
24.595890633,362.66
24.619078315,362.30
24.642401294,362.30
24.665561392,362.30
24.688723825,362.30
24.712048244,362.30
24.735019380,361.75
24.757992915,361.75
24.781055955,361.75
24.803885905,361.75
24.826703182,361.52
24.849528908,361.52
24.872593612,361.52
24.895545355,361.52
24.918723373,361.52
24.941921358,361.16
24.964724556,361.16
24.987855469,361.16
25.011081295,361.16
25.033988141,362.44
25.056976236,362.44
25.080045389,362.44
25.103404176,362.44
25.126660914,362.25
25.149897045,362.25
25.172860436,362.25
25.196011285,362.25
25.220072928,361.96
25.242927806,361.96
25.266057599,361.96
25.289090367,361.96
25.312259904,361.96
25.337837756,362.84
25.361081694,362.84
25.384490627,362.84
25.407844454,362.84
25.430970631,362.04
25.454383115,362.04
25.477730094,362.04
25.501291924,362.04
25.524616215,363.09
25.547827481,363.09
25.571072027,363.09
25.594210588,363.09
25.617918596,363.09
25.641237351,363.58
25.664691595,363.58
25.688106095,363.58
25.711586164,363.58
25.735076313,363.07
25.758120601,363.07
25.781342523,363.07
25.805023618,363.07
25.828472710,363.83
25.851592263,363.83
25.874679687,363.83
25.897680358,363.83
25.920711206,363.83
25.943855783,363.89
25.981466505,363.89
26.004567049,363.89
26.027422887,357.11
26.050611784,357.11
26.073437734,357.11
26.096543078,357.11
26.119885161,357.11
26.142814440,349.78
26.166032617,349.78
26.189266987,349.78
26.212448141,349.78
26.235735023,349.92
26.258876848,349.92
26.281873967,349.92
26.304919023,349.92
26.328301363,349.22
26.351363539,349.22
26.374369842,349.22
26.397513875,349.22
26.420754069,349.22
26.443537266,349.02
26.466665811,349.02
26.489698483,349.02
26.512910324,349.02
26.536471226,342.29
26.559599195,342.29
26.582693243,342.29
26.605930461,342.29
26.630291915,343.37
26.653157705,343.37
26.675935014,343.37
26.698743715,343.37
26.721754019,343.37
26.744628993,343.45
26.767537151,343.45
26.790440573,343.45
26.813506909,343.45
26.836492732,342.21
26.859649341,342.21
26.882647004,342.21
26.906078944,342.21
26.929236193,342.21
26.952795046,339.63
26.986895232,339.63
27.009849151,339.63
27.033727688,339.63
27.056868361,343.99
27.079938313,343.99
27.103210123,343.99
27.126788880,343.99
27.150105875,350.09
27.173455318,350.09
27.196671576,350.09
27.219834392,350.09
27.243290301,352.38
27.266646208,352.38
27.289897282,352.38
27.313161860,352.38
27.336354501,352.38
27.359727688,353.06
27.382913130,353.06
27.406303149,353.06
27.430016532,353.06
27.453489817,353.85
27.476918940,353.85
27.500132446,353.85
27.523347392,353.85
27.546486336,359.97
27.569848483,359.97
27.592941316,359.97
27.615758369,359.97
27.638753792,358.44
27.661844928,358.44
27.684833375,358.44
27.707689277,358.44
27.730670556,358.44
27.753526297,359.93
27.776421655,359.93
27.799024849,359.93
27.821988144,359.93
27.845713495,359.30
27.868601301,359.30
27.891388529,359.30
27.914205678,359.30
27.937130189,359.30
27.959989194,364.81
27.987530619,364.81
28.010507098,364.81
28.033465433,364.81
28.056173300,365.14
28.079142739,365.14
28.102398101,365.14
28.125420660,365.14
28.148390643,363.80
28.171280080,363.80
28.194132910,363.80
28.217193869,363.80
28.240145580,365.07
28.262991721,365.07
28.286121962,365.07
28.309066760,365.07
28.332186376,365.07
28.355078470,365.06
28.378378376,365.06
28.401425384,365.06
28.425025678,365.06
28.448575923,363.71
28.472037143,363.71
28.495297273,363.71
28.518670108,363.71
28.542030271,364.07
28.565598340,364.07
28.588921223,364.07
28.612107304,364.07
28.635468395,364.07
28.658841102,364.02
28.682098831,364.02
28.705689781,364.02
28.728876566,364.02
28.752772543,363.63
28.775995232,363.63
28.799238850,363.63
28.822402403,363.63
28.845353569,363.96
28.868299647,363.96
28.890985818,363.96
28.914013465,363.96
28.936995032,363.96
28.960030295,362.51
28.988216463,362.51
29.011522162,362.51
29.034573809,362.51
29.057597328,362.51
29.080607215,363.49
29.103779664,363.49
29.126704366,363.49
29.149742541,363.49
29.172658571,363.68
29.195575113,363.68
29.218593640,363.68
29.241725416,363.68
29.265002666,362.96
29.288293068,362.96
29.311264459,362.96
29.334531212,362.96
29.358132754,362.96
29.381530165,363.45
29.404792343,363.45
29.427947639,363.45
29.451577693,363.45
29.474738174,363.86
29.497982591,363.86
29.521189856,363.86
29.544600516,363.86
29.567858341,364.12
29.591101031,364.12
29.614375433,364.12
29.637763532,364.12
29.660940557,365.03
29.684097453,365.03
29.707293038,365.03
29.730801586,365.03
29.754225846,365.03
29.777519800,363.79
29.800823642,363.79
29.824152604,363.79
29.847569024,363.79
29.870664095,364.19
29.893676702,364.19
29.916834750,364.19
29.939852829,364.19
29.963135551,364.33
29.987622574,364.33
30.010716462,364.33
30.033700940,364.33
30.056793260,364.33
30.079725738,363.55
30.102681256,363.55
30.125488324,363.55
30.148308833,363.55
30.171071677,364.26
30.193877210,364.26
30.216866616,364.26
30.239836310,364.26
30.263649182,362.69
30.286685821,362.69
30.309754141,362.69
30.332867196,362.69
30.356041469,362.69
30.378933882,363.28
30.401886937,363.28
30.424687477,363.28
30.447584563,363.28
30.470738131,363.60
30.493572080,363.60
30.516610639,363.60
30.539684462,363.60
30.562593100,363.23
30.585731180,363.23
30.608812620,363.23
30.631712873,363.23
30.654853225,363.23
30.677762311,363.79
30.701080745,363.79
30.724684046,363.79
30.747982704,363.79
30.771306579,362.61
30.794409138,362.61
30.817814197,362.61
30.840852756,362.61
30.864345432,364.08
30.887675322,364.08
30.911295679,364.08
30.934490592,364.08
30.958012292,363.54
30.987755949,363.54
31.010993454,363.54
31.034214799,363.54
31.057483121,363.54
31.080647921,363.22
31.103762385,363.22
31.126909457,363.22
31.149854415,363.22
31.172968270,363.59
31.195929261,363.59
31.219057100,363.59
31.241928745,363.59
31.265030345,364.04
31.288175657,364.04
31.311524972,364.04
31.334915694,364.04
31.358481395,364.04
31.381452625,363.18
31.404584497,363.18
31.427710545,363.18
31.450786640,363.18
31.474084434,363.38
31.496958959,363.38
31.519953518,363.38
31.542774186,363.38
31.566601170,362.07
31.589437230,362.07
31.612422989,362.07
31.635543340,362.07
31.658581547,362.07
31.681556522,362.79
31.704724682,362.79
31.727816553,362.79
31.750859240,362.79
31.774609999,363.52
31.797837296,363.52
31.821009424,363.52
31.844291569,363.52
31.868511837,362.06
31.891488539,362.06
31.914711452,362.06
31.938072990,362.06
31.961436993,362.06
31.988412779,363.14
32.011533547,363.14
32.034820716,363.14
32.057929004,363.14
32.082132119,362.84
32.105378136,362.84
32.128405271,362.84
32.151533110,362.84
32.174540597,362.84
32.197816758,363.30
32.220772852,363.30
32.243732306,363.30
32.266887794,363.30
32.290618776,363.86
32.313963130,363.86
32.336872248,363.86
32.359755541,363.86
32.383031318,362.87
32.406136374,362.87
32.429200597,362.87
32.452445590,362.87
32.475615830,362.87
32.498819382,363.82
32.521750580,363.82
32.544780690,363.82
32.567715312,363.82
32.590793647,364.17
32.614109617,364.17
32.636829932,364.17
32.659865291,364.17
32.682793672,364.17
32.705937928,363.63
32.728986247,363.63
32.751783043,363.63
32.774833506,363.63
32.797742623,364.33
32.820645756,364.33
32.843675675,364.33
32.866672601,364.33
32.889740248,364.19
32.912624116,364.19
32.935653203,364.19
32.959024949,364.19
32.988938240,364.19
33.012252033,363.59
33.035521250,363.59
33.059314281,363.59
33.082584202,363.59
33.105706730,364.39
33.128896906,364.39
33.152210380,364.39
33.175279787,364.39
33.198625229,362.28
33.221617131,362.28
33.244811723,362.28
33.267646471,362.28
33.291303277,362.28
33.314208234,363.58
33.337398986,363.58
33.360360840,363.58
33.383354822,363.58
33.406258371,363.98
33.429315041,363.98
33.452221503,363.98
33.475205053,363.98
33.498724032,363.21
33.521890336,363.21
33.544926303,363.21
33.567881629,363.21
33.591030972,363.21
33.614323134,363.65
33.637597727,363.65
33.660596637,363.65
33.687007521,363.65
33.710045087,362.06
33.733100446,362.06
33.756008795,362.06
33.778926872,362.06
33.802276474,362.80
33.825559195,362.80
33.848438744,362.80
33.871701081,362.80
33.895821091,362.80
33.919075204,364.42
33.942492390,364.42
33.965744615,364.42
33.989009896,364.42
34.012051558,363.40
34.035377288,363.40
34.058836331,363.40
34.082108140,363.40
34.105502894,363.92
34.128913713,363.92
34.152435925,363.92
34.176114586,363.92
34.199547773,363.92
34.222890431,363.85
34.246272865,363.85
34.269451329,363.85
34.292766306,363.85
34.316052483,363.51
34.338998273,363.51
34.361922270,363.51
34.384872155,363.51
34.407997947,364.12
34.430890615,364.12
34.453774868,364.12
34.476769746,364.12
34.500247669,364.12
34.523359828,363.27
34.546275729,363.27
34.569618515,363.27
34.593007061,363.27
34.616256086,363.55
34.639445686,363.55
34.662372051,363.55
34.685620244,363.55
34.708707667,363.52
34.733962474,363.52
34.756721541,363.52
34.779795684,363.52
34.803223750,362.99
34.826225732,362.99
34.849512069,362.99
34.872780038,362.99
34.896162568,362.99
34.919551242,363.27
34.943081005,363.27
34.965973930,363.27
34.989548846,363.27
35.012957201,362.30
35.036114064,362.30
35.059536851,362.30
35.083670365,362.30
35.106872157,355.66
35.129627000,355.66
35.152512116,355.66
35.176318587,355.66
35.199977376,355.66
35.223711814,359.17
35.248019346,359.17
35.271710456,359.17
35.295414397,359.17
35.319076546,402.55
35.342795496,402.55
35.367096404,402.55
35.391100797,402.55
35.414879012,434.96
35.438693290,434.96
35.461942251,434.96
35.485145515,434.96
35.509741082,474.28
35.533572993,474.28
35.557249927,474.28
35.580715817,474.28
35.604178732,474.28
35.627872306,502.45
35.651474518,502.45
35.674771863,502.45
35.698171066,502.45
35.721706109,542.56
35.745444419,542.56
35.769237738,542.56
35.792914767,542.56
35.816523603,572.82
35.839847156,572.82
35.862995188,572.82
35.886234548,572.82
35.909809624,605.64
35.934084419,605.64
35.957697448,605.64
35.987837492,605.64
36.011638203,605.64
36.034958012,647.15
36.058313149,647.15
36.081400668,647.15
36.104490043,647.15
36.128062591,688.22
36.151465377,688.22
36.174903299,688.22
36.198644393,688.22
36.221936042,715.80
36.245116905,715.80
36.268150343,715.80
36.291565642,715.80
36.316326363,715.80
36.339975935,710.90
36.363796678,710.90
36.387173448,710.90
36.410799660,710.90
36.434625043,712.98
36.458317208,712.98
36.481863100,712.98
36.505964486,712.98
36.529663947,710.26
36.553591443,710.26
36.577543547,710.26
36.600746651,710.26
36.625081607,708.37
36.648946702,708.37
36.672871382,708.37
36.696303321,708.37
36.719642234,708.77
36.743032476,708.77
36.766142811,708.77
36.790074083,708.77
36.813732679,708.77
36.837229354,708.63
36.860922255,708.63
36.884232048,708.63
36.907325519,708.63
36.930189899,711.67
36.953129031,711.67
36.988207338,711.67
37.011816462,711.67
37.035392818,711.41
37.059094935,711.41
37.082040788,711.41
37.105407861,711.41
37.128863736,711.59
37.152231161,711.59
37.175901022,711.59
37.199373825,711.59
37.222937957,708.20
37.246917453,708.20
37.270498929,708.20
37.293737905,708.20
37.317366581,708.20
37.340576405,713.18
37.364302042,713.18
37.387770397,713.18
37.411087582,713.18
37.434901124,712.78
37.458407559,712.78
37.481797161,712.78
37.505179211,712.78
37.528893104,715.82
37.553027610,715.82
37.576601022,715.82
37.599910015,715.82
37.623695557,718.12
37.647036518,718.12
37.670144805,718.12
37.693132450,718.12
37.716251009,718.12
37.739502465,716.15
37.763220870,716.15
37.786690921,716.15
37.810147339,716.15
37.833848848,717.61
37.857094640,717.61
37.887682721,717.61
37.911208900,717.61
37.934881097,713.80
37.957848102,713.80
37.987742735,713.80
38.010979887,713.80
38.035355899,713.80
38.058920639,701.32
38.082205759,701.32
38.105539168,701.32
38.129398215,701.32
38.153025067,666.67
38.176395373,666.67
38.199704045,666.67
38.222962669,666.67
38.246124044,633.05
38.269302604,633.05
38.292217256,633.05
38.315242950,633.05
38.338280259,633.05
38.361388386,596.40
38.384313630,596.40
38.407126938,596.40
38.430252056,596.40
38.453116468,565.83
38.476153010,565.83
38.499131343,565.83
38.522252973,565.83
38.545345836,528.53
38.568402314,528.53
38.591391015,528.53
38.614733800,528.53
38.638212202,528.53
38.661024358,491.09
38.683688191,491.09
38.706668060,491.09
38.730655140,491.09
38.754495115,452.51
38.778382066,452.51
38.802263609,452.51
38.826004254,452.51
38.849293854,456.60
38.872788033,456.60
38.896399525,456.60
38.920185514,456.60
38.966877292,455.95
38.990911797,455.95
39.014508665,455.95
39.038076380,455.95
39.061742208,476.00
39.085326180,476.00
39.108700965,476.00
39.132364457,476.00
39.155970701,476.00
39.179796916,507.31
39.202934898,507.31
39.226052657,507.31
39.249433330,507.31
39.272575217,541.57
39.296093011,541.57
39.319378932,541.57
39.343095097,541.57
39.367460773,574.36
39.390332737,574.36
39.413142652,574.36
39.435872598,574.36
39.459122966,610.45
39.483027165,610.45
39.506515167,610.45
39.529866048,610.45
39.553475108,610.45
39.576565922,641.17
39.599642368,641.17
39.622657885,641.17
39.645948318,641.17
39.669974342,686.32
39.693595658,686.32
39.717300079,686.32
39.741064532,686.32
39.764586359,715.59
39.787662229,715.59
39.810540145,715.59
39.833647087,715.59
39.857893402,715.59
39.881921282,710.96
39.905915786,710.96
39.929638863,710.96
39.953173009,711.79
39.989083260,711.79
40.018562401,711.79
40.042721770,711.79
40.066565328,709.90
40.090358582,709.90
40.114329342,709.90
40.138181444,709.90
40.162079947,709.90
40.186196724,702.86
40.210348254,702.86
40.233983170,702.86
40.257567429,702.86
40.280912550,704.69
40.304458473,704.69
40.329008375,704.69
40.352957246,704.69
40.376558018,703.05
40.400485065,703.05
40.423835882,703.05
40.446822215,703.05
40.470216808,708.66
40.493650762,708.66
40.516856585,708.66
40.540326283,708.66
40.563995151,708.66
40.587823189,706.34
40.610994292,706.34
40.634184371,706.34
40.657505812,706.34
40.680805012,709.01
40.704383383,709.01
40.727884858,709.01
40.751700896,709.01
40.775571526,707.10
40.799102185,707.10
40.822351304,707.10
40.845480070,707.10
40.869053033,707.10
40.892608908,711.80
40.915999406,711.80
40.939266669,711.80
40.963089779,711.80
40.988766285,711.19
41.012099182,711.19
41.035076394,711.19
41.060585155,711.19
41.083911555,711.66
41.107386597,711.66
41.130690149,711.66
41.154543883,711.66
41.178042542,711.66
41.201254893,721.49
41.224373099,721.49
41.247347079,721.49
41.270667624,721.49
41.294016680,720.23
41.317453066,720.23
41.341120750,720.23
41.364800338,720.23
41.388036881,722.91
41.411388082,722.91
41.434751635,722.91
41.458022419,722.91
41.481430836,722.91
41.504792117,720.33
41.528727356,720.33
41.551995228,720.33
41.575319484,720.33
41.598610300,722.87
41.621876604,722.87
41.645271805,722.87
41.668879072,722.87
41.692269537,721.19
41.716056743,721.19
41.739246214,721.19
41.762418404,721.19
41.785711716,722.73
41.809019236,722.73
41.832301124,722.73
41.855444834,722.73
41.878924068,722.73
41.902682985,723.02
41.926243756,723.02
41.949525195,723.02
41.982276019,723.02
42.005228783,720.45
42.028472462,720.45
42.051852975,720.45
42.075454354,720.45
42.098853268,724.53
42.122255381,724.53
42.145275345,724.53
42.168457584,724.53
42.191904370,724.53
42.215654262,723.44
42.239147768,723.44
42.262495513,723.44
42.285976347,723.44
42.309113657,724.38
42.332370328,724.38
42.355584375,724.38
42.378478227,724.38
42.402109654,722.73
42.425488407,722.73
42.448854584,722.73
42.472088087,722.73
42.495236373,722.73
42.518242514,725.43
42.541710772,725.43
42.564962867,725.43
42.589030907,725.43
42.612610814,722.54
42.636188577,722.54
42.659110429,722.54
42.682666208,722.54
42.705687869,724.66
42.729061565,724.66
42.751988473,724.66
42.774972790,724.66
42.798080403,724.66
42.820847085,721.14
42.843655047,721.14
42.866395713,721.14
42.889782946,721.14
42.912883487,709.16
42.935874076,709.16
42.959249276,709.16
42.988260283,709.16
43.011516730,675.87
43.034776441,675.87
43.058405565,675.87
43.082940170,675.87
43.105807429,639.11
43.128482462,639.11
43.151654012,639.11
43.175463105,639.11
43.202257800,601.08
43.225734761,601.08
43.249255307,601.08
43.272736813,601.08
43.296103502,601.08
43.319807634,599.31
43.343412245,599.31
43.367902626,599.31
43.391398244,599.31
43.414737636,599.10
43.438383719,599.10
43.461580486,599.10
43.484659331,599.10
43.508569930,596.83
43.531830569,596.83
43.555730895,596.83
43.579376435,596.83
43.602948278,595.34
43.626359671,595.34
43.649518613,595.34
43.672565810,595.34
43.695504750,595.34
43.718714508,595.48
43.742453105,595.48
43.765913810,595.48
43.789350163,595.48
43.812982519,595.12
43.836428824,595.12
43.859253202,595.12
43.882192238,595.12
43.905297483,605.63
43.928743436,605.63
43.952441232,605.63
43.988060503,605.63
44.012584324,647.35
44.035868900,647.35
44.058812639,647.35
44.082095327,647.35
44.106341225,678.67
44.130191982,678.67
44.153701776,678.67
44.177176050,678.67
44.201049111,678.67
44.224155189,715.71
44.247087184,715.71
44.270419184,715.71
44.293670991,715.71
44.317237138,712.79
44.341034231,712.79
44.364463544,712.79
44.387487477,712.79
44.410708179,716.75
44.433878449,716.75
44.457062768,716.75
44.480145741,716.75
44.503437324,716.75
44.526613163,713.10
44.549805225,713.10
44.572759813,713.10
44.595917795,713.10
44.619645959,702.76
44.642883430,702.76
44.665567807,702.76
44.688290072,702.76
44.711966780,652.98
44.735669760,652.98
44.759221826,652.98
44.783039239,652.98
44.807172080,652.98
44.830550768,653.01
44.853945904,653.01
44.877214063,653.01
44.900598672,653.01
44.924698136,651.38
44.948385211,651.38
44.982196462,651.38
45.005961011,651.38
45.029509749,653.58
45.053313914,653.58
45.076731642,653.58
45.100248060,653.58
45.124126242,653.92
45.147773157,653.92
45.171176486,653.92
45.194474021,653.92
45.217545058,653.92
45.240649503,654.62
45.263982207,654.62
45.287401728,654.62
45.310732799,654.62
45.334330594,655.24
45.357894884,655.24
45.381272581,655.24
45.404495747,655.24
45.427744162,654.06
45.450560348,654.06
45.473809851,654.06
45.497417246,654.06
45.520872735,655.33
45.544408833,655.33
45.567727457,655.33
45.590721085,655.33
45.613865466,655.33
45.637019160,670.85
45.660644635,670.85
45.684214078,670.85
45.707899201,670.85
45.731558053,712.54
45.755143463,712.54
45.778060098,712.54
45.800845436,712.54
45.824034874,720.35
45.847530907,720.35
45.871342176,720.35
45.895201893,720.35
45.918421188,720.35
45.941503873,718.73
45.964759423,718.73
45.988005758,718.73
46.011132795,718.73
46.034082039,719.54
46.057144755,719.54
46.079958733,719.54
46.103149323,719.54
46.126111335,709.58
46.149047714,709.58
46.172205216,709.58
46.195567904,709.58
46.219105090,709.58
46.242451617,675.02
46.265717088,675.02
46.289125601,675.02
46.326372537,675.02
46.349426005,634.03
46.372606515,634.03
46.395784337,634.03
46.419141937,634.03
46.442459888,597.46
46.465767760,597.46
46.488985774,597.46
46.512222189,597.46
46.535620237,566.34
46.559051502,566.34
46.582694737,566.34
46.605886639,566.34
46.629422961,566.34
46.652447149,531.39
46.675199302,531.39
46.698257507,531.39
46.721329279,531.39
46.744510461,492.76
46.767407960,492.76
46.790481909,492.76
46.813433872,492.76
46.836553069,458.82
46.859512424,458.82
46.882811560,458.82
46.906309865,458.82
46.929293572,458.82
46.951814075,422.19
46.989549976,422.19
47.013447742,422.19
47.037190914,422.19
47.061009798,394.80
47.084944428,394.80
47.108664080,394.80
47.132466453,394.80
47.156082359,408.39
47.180712613,408.39
47.204626219,408.39
47.228527312,408.39
47.252520855,443.88
47.276440797,443.88
47.300114048,443.88
47.324187015,443.88
47.347882155,479.97
47.373558596,479.97
47.397463114,479.97
47.421383823,479.97
47.445514936,510.24
47.468898104,510.24
47.492457466,510.24
47.516029180,510.24
47.539796960,547.34
47.563550020,547.34
47.586944004,547.34
47.610461381,547.34
47.635643385,547.34
47.659055993,581.16
47.682252503,581.16
47.705266099,581.16
47.728750388,581.16
47.752642330,615.85
47.776114683,615.85
47.799429658,615.85
47.824100104,615.85
47.847387047,651.38
47.870655141,651.38
47.893624224,651.38
47.916747837,651.38
47.939858842,651.38
47.963343579,695.67
47.988432270,695.67
48.012256850,695.67
48.035695027,695.67
48.058685806,720.48
48.081665674,720.48
48.104728774,720.48
48.128465834,720.48
48.151952939,719.03
48.175349291,719.03
48.199358513,719.03
48.223248887,719.03
48.247104636,720.13
48.270228121,720.13
48.292992402,720.13
48.316452210,720.13
48.340111317,720.13
48.363593558,718.86
48.387222361,718.86
48.412421612,718.86
48.435689291,718.86
48.458969961,722.36
48.482206056,722.36
48.505699849,722.36
48.529409932,722.36
48.552954030,720.69
48.576884244,720.69
48.600014897,720.69
48.623250927,720.69
48.646716751,722.46
48.670432211,722.46
48.693915252,722.46
48.717650040,722.46
48.741530525,722.46
48.765117119,725.16
48.787989977,725.16
48.810763058,725.16
48.833755149,725.16
48.857343855,722.67
48.880994546,722.67
48.904543283,722.67
48.928206710,722.67
48.952053019,723.34
48.988523241,723.34
49.011642470,723.34
49.035030342,723.34
49.058520615,721.81
49.082106025,721.81
49.105541481,721.81
49.129510895,721.81
49.152434761,724.21
49.175693864,724.21
49.198488929,724.21
49.221551421,724.21
49.245238880,724.21
49.268873634,721.74
49.292568838,721.74
49.316447019,721.74
49.339939819,721.74
49.363055368,722.65
49.386189445,722.65
49.409255489,722.65
49.432719778,722.65
49.456198754,719.43
49.479500769,719.43
49.505403004,719.43
49.528390072,719.43
49.552082043,723.60
49.575252952,723.60
49.598133042,723.60
49.621187150,723.60
49.644290219,723.60
49.667655050,719.72
49.690743879,719.72
49.713803459,719.72
49.736957088,719.72
49.761278186,719.59
49.784777899,719.59
49.808664784,719.59
49.831941006,719.59
49.855631217,685.11
49.878809838,685.11
49.901940843,685.11
49.925305066,685.11
49.948940876,651.18
49.982504859,651.18
50.005298484,651.18
50.027937036,651.18
50.050724837,651.18
50.073819905,600.49
50.097694854,600.49
50.121211495,600.49
50.144956522,600.49
50.169056977,593.77
50.192321008,593.77
50.215676399,593.77
50.239034094,593.77
50.263058900,593.09
50.286567189,593.09
50.309990741,593.09
50.333487638,593.09
50.358040994,593.09
50.381532195,592.30
50.404748289,592.30
50.427823517,592.30
50.451376190,592.30
50.474797950,593.71
50.498360127,593.71
50.521919169,593.71
50.545738053,593.71
50.569008163,594.61
50.592377283,594.61
50.615555872,594.61
50.638721181,594.61
50.662438144,596.49
50.685824832,596.49
50.709305248,596.49
50.732372508,596.49
50.755509337,596.49
50.778550933,595.28
50.801544144,595.28
50.824130566,595.28
50.846986176,595.28
50.870198045,622.98
50.893525180,622.98
50.916801946,622.98
50.939931191,622.98
50.963898428,657.01
50.987997956,657.01
51.011129280,657.01
51.034572224,657.01
51.057926687,657.01
51.081252030,671.90
51.104777375,671.90
51.127980028,671.90
51.151746688,671.90
51.175076734,636.07
51.198344188,636.07
51.221264791,636.07
51.244383283,636.07
51.267764018,603.87
51.290787598,603.87
51.314097612,603.87
51.337444203,603.87
51.360671977,603.87
51.383972647,565.22
51.407606473,565.22
51.430911016,565.22
51.454238694,565.22
51.477732519,533.52
51.500822115,533.52
51.523912383,533.52
51.547553825,533.52
51.570680062,496.48
51.593600056,496.48
51.616743733,496.48
51.639873009,496.48
51.662994862,496.48
51.686207019,465.47
51.709049957,465.47
51.732015295,465.47
51.754783224,465.47
51.777736563,429.95
51.800613100,429.95
51.823539078,429.95
51.846407872,429.95
51.870321477,396.08
51.892971772,396.08
51.915814773,396.08
51.938814576,396.08
51.962003661,396.08
51.988854962,366.38
52.011942062,366.38
52.035033450,366.38
52.058767341,366.38
52.082837780,370.99
52.106388373,370.99
52.130127448,370.99
52.153648248,370.99
52.177163801,370.99
52.201098462,399.16
52.225187333,399.16
52.248727366,399.16
52.272024068,399.16
52.295676710,435.23
52.319051173,435.23
52.342533702,435.23
52.366228296,435.23
52.390178349,473.09
52.414028082,473.09
52.437669204,473.09
52.461253109,473.09
52.484328753,513.18
52.507463981,513.18
52.530499561,513.18
52.553775367,513.18
52.577435945,513.18
52.600948905,542.68
52.624710349,542.68
52.647923402,542.68
52.671255976,542.68
52.694918443,583.39
52.718098760,583.39
52.741476423,583.39
52.765079112,583.39
52.789811862,616.70
52.813527545,616.70
52.836996344,616.70
52.860588346,616.70
52.884194683,616.70
52.907923486,648.56
52.931669697,648.56
52.955243746,648.56
52.988652494,648.56
53.012131982,650.20
53.035707823,650.20
53.059464050,650.20
53.083092564,650.20
53.106879223,640.26
53.130548570,640.26
53.154074458,640.26
53.177470617,640.26
53.201118427,615.19
53.224500090,615.19
53.248204733,615.19
53.272132226,615.19
53.295624130,615.19
53.319074305,579.26
53.342548257,579.26
53.365985281,579.26
53.389520290,579.26
53.412784415,544.89
53.436222559,544.89
53.459560541,544.89
53.482672345,544.89
53.505644980,512.29
53.528680495,512.29
53.552103343,512.29
53.575226123,512.29
53.598470856,512.29
53.621608260,475.02
53.644574879,475.02
53.667670363,475.02
53.691133307,475.02
53.714414104,443.18
53.737836504,443.18
53.761390617,443.18
53.784794648,443.18
53.808036533,412.98
53.831431316,412.98
53.854915252,412.98
53.878273618,412.98
53.900842728,372.16
53.923956324,372.16
53.947717991,372.16
53.983293259,372.16
54.007368241,383.60
54.031148532,383.60
54.054297585,383.60
54.077606383,383.60
54.101259440,417.73
54.124794289,417.73
54.148406962,417.73
54.172000851,417.73
54.195361650,417.73
54.218713680,453.27
54.241847117,453.27
54.265167115,453.27
54.289105328,453.27
54.312489614,484.87
54.335989678,484.87
54.359616592,484.87
54.383610581,484.87
54.407526362,515.51
54.430546645,515.51
54.454038197,515.51
54.477664022,515.51
54.501988736,552.89
54.525329470,552.89
54.548396633,552.89
54.571410868,552.89
54.594633393,552.89
54.618125201,588.05
54.641707762,588.05
54.665112433,588.05
54.688928597,588.05
54.712291795,619.91
54.735599249,619.91
54.758789934,619.91
54.782106188,619.91
54.806138194,649.66
54.829626673,649.66
54.853076977,649.66
54.876728114,649.66
54.900183122,649.66
54.923076363,688.46
54.946295784,688.46
54.981787915,688.46
55.006355638,706.73
55.029638068,706.73
55.052498285,706.73
55.075556296,706.73
55.098714820,706.73
55.122104867,710.25
55.145805893,710.25
55.169176323,710.25
55.192466145,710.25
55.216239140,705.47
55.239393024,705.47
55.262618909,705.47
55.285691704,705.47
55.309837951,706.43
55.333364799,706.43
55.357067170,706.43
55.380139549,706.43
55.403225496,706.43
55.426408501,709.72
55.449657906,709.72
55.472960336,709.72
55.497160727,709.72
55.520853369,706.77
55.544201912,706.77
55.568032411,706.77
55.592003456,706.77
55.615055611,704.59
55.638326393,704.59
55.661792344,704.59
55.685130038,704.59
55.708844249,704.59
55.732387353,706.57
55.756835363,706.57
55.780045472,706.57
55.803553760,706.57
55.826461753,712.41
55.849987449,712.41
55.873386168,712.41
55.896876408,712.41
55.921638021,710.77
55.944694528,710.77
55.980810601,710.77
56.004157607,710.77
56.027551270,708.53
56.051348393,708.53
56.074139233,708.53
56.097109243,708.53
56.120099317,708.31
56.142959310,708.31
56.166182474,708.31
56.189610793,708.31
56.212932551,708.31
56.236039427,708.96
56.259131102,708.96
56.281952951,708.96
56.305277684,708.96
56.328541138,701.71
56.351806383,701.71
56.374928810,701.71
56.397729091,701.71
56.421053472,667.21
56.444365310,667.21
56.467530298,667.21
56.490759543,667.21
56.514202646,667.21
56.537427379,636.21
56.560952691,636.21
56.584170672,636.21
56.607545998,636.21
56.630590377,603.84
56.653666852,603.84
56.676616606,603.84
56.699778330,603.84
56.723101688,571.23
56.745937168,571.23
56.768974859,571.23
56.791958469,571.23
56.815330595,571.23
56.838576192,538.97
56.862091008,538.97
56.885317052,538.97
56.908818940,538.97
56.932299387,509.15
56.955533400,509.15
56.988302845,509.15
57.011789372,509.15
57.035154266,472.50
57.058342262,472.50
57.081820150,472.50
57.105077427,472.50
57.128883093,443.48
57.152251444,443.48
57.175182029,443.48
57.198144711,443.48
57.221110465,443.48
57.244532799,410.48
57.267693563,410.48
57.290942872,410.48
57.313895474,410.48
57.337253104,379.83
57.360631886,379.83
57.383905771,379.83
57.407294858,379.83
57.430654856,376.73
57.454073190,376.73
57.477339044,376.73
57.500738530,376.73
57.524170465,377.96
57.547636320,377.96
57.570200438,377.96
57.593528179,377.96
57.616940978,377.96
57.640388625,391.99
57.663051655,391.99
57.685953408,391.99
57.709123004,391.99
57.731921588,394.98
57.755261778,394.98
57.778296525,394.98
57.801820492,394.98
57.825085577,394.98
57.848348678,394.06
57.871536930,394.06
57.895178147,394.06
57.918515969,394.06
57.941526843,392.60
57.964734711,392.60
57.987600112,392.60
58.010602314,392.60
58.034121769,392.60
58.057013026,393.77
58.079855162,393.77
58.102795508,393.77
58.126159826,393.77
58.149757682,391.81
58.172925582,391.81
58.196032137,391.81
58.219363111,391.81
58.243230634,393.77
58.266233476,393.77
58.289188958,393.77
58.312158968,393.77
58.335444501,393.77
58.359083382,401.15
58.382077520,401.15
58.405059241,401.15
58.428401895,401.15
58.451546627,414.75
58.475018786,414.75
58.498232542,414.75
58.521669789,414.75
58.544710807,415.41
58.568061301,415.41
58.591038415,415.41
58.614159402,415.41
58.637432807,415.41
58.660746500,400.93
58.684025313,400.93
58.707069788,400.93
58.729994165,400.93
58.753056720,396.83
58.775946985,396.83
58.798858337,396.83
58.822400385,396.83
58.845839680,397.53
58.869239102,397.53
58.895012374,397.53
58.918197586,397.53
58.941461774,396.89
58.964413608,396.89
58.988177898,396.89
59.011569448,396.89
59.034686563,396.89
59.057877151,396.33
59.080783992,396.33
59.103589040,396.33
59.126599050,396.33
59.149611428,396.62
59.172612381,396.62
59.196076572,396.62
59.219293720,396.62
59.242422324,395.19
59.265299692,395.19
59.288179429,395.19
59.311065405,395.19
59.334227865,395.19
59.357620119,386.48
59.381137878,386.48
59.404220497,386.48
59.427529934,386.48
59.450757195,378.93
59.473971047,378.93
59.497269732,378.93
59.520547041,378.93
59.543867102,372.41
59.566600309,372.41
59.589607823,372.41
59.612684906,372.41
59.635900262,372.41
59.659061057,367.53
59.682363391,367.53
59.705390649,367.53
59.728336946,367.53
59.750997224,368.16
59.774577160,368.16
59.797810340,368.16
59.821395716,368.16
59.844910852,363.76
59.868132352,363.76
59.891310139,363.76
59.914582104,363.76
59.937764307,363.76
59.960998352,364.14
59.988722397,364.14
60.011726614,364.14
60.034902162,364.14
60.057870955,364.72
60.081027495,364.72
60.104192802,364.72
60.127900483,364.72
60.151962633,363.30
60.175081700,363.30
60.197970268,363.30
60.221238553,363.30
60.244601142,364.21
60.267819762,364.21
60.290776652,364.21
60.313624420,364.21
60.336672606,364.21
60.359843449,364.14
60.383205591,364.14
60.405836525,364.14
60.428996808,364.14
60.451931233,363.62
60.475336703,363.62
60.498776318,363.62
60.522128891,363.62
60.545410360,363.62
60.568707253,368.44
60.591789199,368.44
60.615086508,368.44
60.638320744,368.44
60.661384035,368.24
60.684244731,368.24
60.706988018,368.24
60.730256302,368.24
60.753471722,361.87
60.777158219,361.87
60.800239366,361.87
60.823393505,361.87
60.846683326,361.87
60.869893433,366.48
60.892882611,366.48
60.915837580,366.48
60.938865478,366.48
60.962119362,366.96
60.990545078,366.96
61.013673425,366.96
61.037942041,366.96
61.061318838,367.09
61.084422545,367.09
61.107408938,367.09
61.130537797,367.09
61.153957923,367.09
61.177189535,365.27
61.200274586,365.27
61.223872378,365.27
61.247040149,365.27
61.270597364,362.29
61.293688463,362.29
61.316850666,362.29
61.340098566,362.29
61.363171809,376.19
61.386292956,376.19
61.409747674,376.19
61.433012214,376.19
61.456551926,376.19
61.479710161,376.04
61.502962637,376.04
61.526009639,376.04
61.548970528,376.04
61.572171420,376.60
61.595223414,376.60
61.618371505,376.60
61.641882960,376.60
61.665299246,378.83
61.688599979,378.83
61.711727142,378.83
61.734376060,378.83
61.757773754,378.83
61.781026230,383.12
61.803740972,383.12
61.826750693,383.12
61.849794943,383.12
61.873093596,381.07
61.896169302,381.07
61.919242224,381.07
61.942413291,381.07
61.965492229,382.23
61.988807042,382.23
62.011723707,382.23
62.036914188,382.23
62.060345130,383.54
62.083951242,383.54
62.107275559,383.54
62.130517571,383.54
62.153772191,383.54
62.176835609,386.87
62.199851314,386.87
62.222849612,386.87
62.245780964,386.87
62.269212930,387.05
62.292438270,387.05
62.315939101,387.05
62.339308986,387.05
62.362869498,369.20
62.386054293,369.20
62.409723702,369.20
62.433401750,369.20
62.456319087,369.20
62.479397129,370.09
62.502651909,370.09
62.525710783,370.09
62.549118493,370.09
62.572273976,384.08
62.595306226,384.08
62.618557902,384.08
62.641826346,384.08
62.665196615,383.61
62.688317410,383.61
62.711741024,383.61
62.734909723,383.61
62.757820339,383.61
62.780769132,386.55
62.804049736,386.55
62.827186435,386.55
62.850230173,386.55
62.873132565,386.82
62.896162286,386.82
62.919450027,386.82
62.943267181,386.82
62.967051822,385.94
62.990585933,385.94
63.014037836,385.94
63.037811981,385.94
63.061295787,385.94
63.086931009,384.59
63.110229726,384.59
63.134239490,384.59
63.157958499,384.59
63.181231903,399.56
63.204578780,399.56
63.227810424,399.56
63.250853873,399.56
63.274621459,419.87
63.298305139,419.87
63.321965428,419.87
63.345394034,419.87
63.369666585,422.45
63.392936597,422.45
63.416478964,422.45
63.440095668,422.45
63.463493041,422.45
63.486825198,420.58
63.510690161,420.58
63.533593897,420.58
63.556587682,420.58
63.579454554,394.97
63.602975800,394.97
63.626855963,394.97
63.651056897,394.97
63.674653825,423.93
63.698113503,423.93
63.721799808,423.93
63.745349663,423.93
63.768384825,423.93
63.791323633,454.16
63.814225257,454.16
63.837113377,454.16
63.860148634,454.16
63.883395478,473.81
63.906678322,473.81
63.929980686,473.81
63.953436012,473.81
63.988850956,472.48
64.012143272,472.48
64.035061600,472.48
64.058247547,472.48
64.082394912,470.73
64.105530715,470.73
64.128672950,470.73
64.151819856,470.73
64.175273486,470.73
64.198357512,454.30
64.221392321,454.30
64.244330586,454.30
64.267429684,454.30
64.290835729,435.67
64.314103437,435.67
64.336949861,435.67
64.360099551,435.67
64.383496733,433.02
64.406795257,433.02
64.429916083,433.02
64.453279600,433.02
64.476616653,433.02
64.499951690,433.87
64.522636959,433.87
64.544870512,433.87
64.567539333,433.87
64.591129733,434.73
64.614455489,434.73
64.638138722,434.73
64.661390782,434.73
64.684504920,434.11
64.707856725,434.11
64.731076112,434.11
64.754332940,434.11
64.777246980,434.11
64.800586976,442.74
64.823666234,442.74
64.846549138,442.74
64.869920463,442.74
64.893454445,439.58
64.916709545,439.58
64.939916324,439.58
64.963296353,439.58
64.987725289,439.58
65.011041670,440.82
65.034183136,440.82
65.056983159,440.82
65.079680204,440.82
65.102902248,440.90
65.126073890,440.90
65.149201725,440.90
65.172244246,440.90
65.195395377,440.90
65.218631724,439.94
65.241886984,439.94
65.264765631,439.94
65.288629345,439.94
65.312151488,439.32
65.335574717,439.32
65.359045147,439.32
65.383006239,439.32
65.406365467,440.09
65.429955899,440.09
65.453350904,440.09
65.476083470,440.09
65.498880709,440.09
65.522311714,428.98
65.545652031,428.98
65.569616578,428.98
65.593864008,428.98
65.616910946,463.30
65.639957883,463.30
65.663088341,463.30
65.686528915,463.30
65.710139794,466.74
65.733417262,466.74
65.756955085,466.74
65.780207048,466.74
65.803447908,459.14
65.826882145,459.14
65.850401152,459.14
65.873614555,459.14
65.897140793,459.14
65.919991120,476.90
65.943221419,476.90
65.966374822,476.90
65.989467199,476.90
66.012487512,507.13
66.035454705,507.13
66.058381321,507.13
66.081433922,507.13
66.105066977,523.74
66.128439710,523.74
66.151523256,523.74
66.174628082,523.74
66.198093327,523.74
66.221138441,529.52
66.244306211,529.52
66.268052196,529.52
66.290928667,529.52
66.314119158,528.83
66.337408978,528.83
66.360416907,528.83
66.383324226,528.83
66.406456509,523.65
66.429563606,523.65
66.452657296,523.65
66.475510119,523.65
66.499744813,538.85
66.523162027,538.85
66.546456391,538.85
66.569737122,538.85
66.593069183,538.85
66.616270298,516.72
66.639177553,516.72
66.662192490,516.72
66.685550983,516.72
66.708813090,480.84
66.732092894,480.84
66.755389530,480.84
66.778768183,480.84
66.802548376,448.28
66.825928948,448.28
66.848942221,448.28
66.871848356,448.28
66.895051327,448.28
66.918489309,430.58
66.941419380,430.58
66.964418925,430.58
66.987650952,430.58
67.010901411,398.21
67.034087902,398.21
67.056881300,398.21
67.080217168,398.21
67.104255892,372.72
67.127323053,372.72
67.150480616,372.72
67.174346730,372.72
67.197565636,372.72
67.220685566,371.61
67.244016314,371.61
67.267795995,371.61
67.291243961,371.61
67.314471540,381.81
67.337607278,381.81
67.360543942,381.81
67.383433309,381.81
67.407733508,383.29
67.430968671,383.29
67.454161465,383.29
67.477330740,383.29
67.500712689,383.29
67.523922923,381.21
67.546817507,381.21
67.569840348,381.21
67.592718675,381.21
67.616097552,381.54
67.638890854,381.54
67.661886526,381.54
67.685304187,381.54
67.710022567,382.49
67.733302882,382.49
67.757021666,382.49
67.780229085,382.49
67.803209237,382.49
67.826223182,383.24
67.849423432,383.24
67.872695140,383.24
67.895964895,383.24
67.919191258,377.40
67.942376692,377.40
67.965116842,377.40
67.988107522,377.40
68.011767618,377.40
68.034946236,380.03
68.057977205,380.03
68.080648298,380.03
68.104118599,380.03
68.127370274,379.66
68.150486684,379.66
68.173594229,379.66
68.196873553,379.66
68.220171660,377.70
68.243245254,377.70
68.266194397,377.70
68.289118357,377.70
68.312435569,377.70
68.335609259,369.30
68.358676644,369.30
68.381696509,369.30
68.405338428,369.30
68.428860474,367.80
68.452519034,367.80
68.476079896,367.80
68.499445877,367.80
68.522450477,369.81
68.545328068,369.81
68.568390141,369.81
68.591536471,369.81
68.614560720,369.81
68.637691914,378.71
68.660916549,378.71
68.683944381,378.71
68.707135928,378.71
68.730318130,380.08
68.753241578,380.08
68.776083392,380.08
68.799098809,380.08
68.821992656,379.90
68.844746341,379.90
68.867913663,379.90
68.891035161,379.90
68.913976208,379.90
68.936880520,372.42
68.959749407,372.42
68.987707948,372.42
69.010931655,372.42
69.034009888,370.95
69.056993720,370.95
69.079627980,370.95
69.102972712,370.95
69.126448678,368.85
69.149544351,368.85
69.172359381,368.85
69.195448942,368.85
69.218781162,368.85
69.241730242,371.80
69.264775675,371.80
69.287748947,371.80
69.311065774,371.80
69.334356778,370.58
69.357277249,370.58
69.386133561,370.58
69.410173628,370.58
69.433815739,370.45
69.456784563,370.45
69.479665514,370.45
69.503118215,370.45
69.526302305,379.72
69.549306138,379.72
69.572567701,379.72
69.595575437,379.72
69.618759399,379.72
69.641867169,370.65
69.665388575,370.65
69.688656954,370.65
69.711814964,370.65
69.735178448,369.43
69.758539948,369.43
69.781617477,369.43
69.804999617,369.43
69.828483870,370.33
69.851700953,370.33
69.874985268,370.33
69.898672211,370.33
69.922213041,370.33
69.945765519,376.20
69.981532497,376.20
70.005159984,376.20
70.028725326,382.01
70.052056202,382.01
70.075303269,382.01
70.098421982,382.01
70.121923035,382.01
70.145030933,382.68
70.168371793,382.68
70.192154769,382.68
70.215727983,382.68
70.238924329,380.53
70.262158884,380.53
70.285462239,380.53
70.308687130,380.53
70.331776691,381.68
70.355139983,381.68
70.377974021,381.68
70.400828764,381.68
70.426712723,381.68
70.449896237,382.70
70.473074215,382.70
70.496177760,382.70
70.519052503,382.70
70.541968910,371.88
70.565125896,371.88
70.587742812,371.88
70.611875648,371.88
70.635538815,370.08
70.659377345,370.08
70.683533157,370.08
70.707316678,370.08
70.731995856,372.27
70.755685455,372.27
70.779260142,372.27
70.802827980,372.27
70.826657740,372.27
70.850468653,383.97
70.874047659,383.97
70.897507144,383.97
70.920931397,383.97
70.944649380,381.39
70.968357700,381.39
70.991889378,381.39
71.015668738,381.39
71.040252939,372.34
71.063849097,372.34
71.087614601,372.34
71.111319177,372.34
71.135587055,372.34
71.159104044,381.26
71.182640650,381.26
71.205415807,381.26
71.228405751,381.26
71.252495739,375.32
71.276142042,375.32
71.299539030,375.32
71.323756187,375.32
71.347394202,407.28
71.370895575,407.28
71.394203090,407.28
71.418131252,407.28
71.442061206,440.05
71.465663381,440.05
71.489116497,440.05
71.512186666,440.05
71.535444389,440.05
71.558437405,473.11
71.581824441,473.11
71.605223797,473.11
71.628761491,473.11
71.652447410,509.00
71.675611756,509.00
71.698596227,509.00
71.721755773,509.00
71.745729407,538.97
71.769358910,538.97
71.792828283,538.97
71.816233495,538.97
71.840363163,538.97
71.863509748,564.53
71.886402731,564.53
71.909607941,564.53
71.933344581,564.53
71.956900578,592.13
71.988267796,592.13
72.011523695,592.13
72.034638056,592.13
72.057802177,626.61
72.081185405,626.61
72.105249089,626.61
72.128955008,626.61
72.152431613,656.67
72.175875449,656.67
72.199020947,656.67
72.221996906,656.67
72.245333318,699.07
72.268725698,699.07
72.292040061,699.07
72.315513114,699.07
72.338866037,699.07
72.361874189,699.13
72.384999366,699.13
72.407981438,699.13
72.431955776,699.13
72.455342332,699.62
72.478244531,699.62
72.501345068,699.62
72.528317198,699.62
72.552280624,699.31
72.575988592,699.31
72.598902150,699.31
72.621876894,699.31
72.645131352,673.95
72.668955673,673.95
72.692228148,673.95
72.715694577,673.95
72.739069836,673.95
72.762735083,651.32
72.785798468,651.32
72.808202325,651.32
72.830776360,651.32
72.855589139,612.68
72.878991055,612.68
72.902530220,612.68
72.926402093,612.68
72.950047276,616.50
72.982225446,616.50
73.005381792,616.50
73.028943453,616.50
73.052666653,616.50
73.076101401,613.43
73.099260946,613.43
73.122480876,613.43
73.145812711,613.43
73.168755166,614.99
73.192565663,614.99
73.215946427,614.99
73.239516792,614.99
73.263337881,614.79
73.286517106,614.79
73.309293127,614.79
73.332410080,614.79
73.356229249,614.79
73.379886015,615.80
73.403180922,615.80
73.427027131,615.80
73.450583321,615.80
73.473711858,615.95
73.497059117,615.95
73.520725388,615.95
73.544275529,615.95
73.567827687,612.63
73.591546566,612.63
73.614930082,612.63
73.638146044,612.63
73.662194943,637.92
73.685533178,637.92
73.709198201,637.92
73.732841047,637.92
73.756703896,637.92
73.779842769,662.86
73.803146476,662.86
73.826269061,662.86
73.850075781,662.86
73.873556225,698.29
73.897058078,698.29
73.920499226,698.29
73.944551453,698.29
73.967872056,700.12
73.990836015,700.12
74.013813382,700.12
74.037407972,700.12
74.061086051,699.53
74.084114427,699.53
74.106930864,699.53
74.129894343,699.53
74.153143969,699.53
74.176477724,699.15
74.199302962,699.15
74.222187752,699.15
74.245172032,699.15
74.268377465,689.21
74.291412529,689.21
74.314810701,689.21
74.337993126,689.21
74.361489987,659.97
74.384880191,659.97
74.408536445,659.97
74.432062074,659.97
74.455516919,659.97
74.479089556,638.80
74.502380591,638.80
74.525555624,638.80
74.548949956,638.80
74.572239774,617.14
74.595607706,617.14
74.619132951,617.14
74.642515859,617.14
74.665920206,593.03
74.689437099,593.03
74.712736326,593.03
74.736364548,593.03
74.759850625,593.03
74.783489631,573.83
74.807125789,573.83
74.830764795,573.83
74.854491355,573.83
74.877817365,550.62
74.901747159,550.62
74.925167602,550.62
74.948751824,550.62
74.982266904,520.43
75.005953847,520.43
75.029700598,520.43
75.053373621,520.43
75.077016915,502.92
75.100499216,502.92
75.124256399,502.92
75.147808716,502.92
75.170963461,480.28
75.194757893,480.28
75.218722759,480.28
75.242300548,480.28
75.265973059,485.86
75.289367646,485.86
75.312280565,485.86
75.335488814,485.86
75.358842601,485.86
75.382841771,514.23
75.406182566,514.23
75.429766596,514.23
75.453625668,514.23
75.476842622,537.18
75.499812309,537.18
75.522941038,537.18
75.546085639,537.18
75.570662543,558.06
75.594120747,558.06
75.617610728,558.06
75.640760609,558.06
75.663995130,558.06
75.687455351,580.35
75.710269772,580.35
75.733926410,580.35
75.758096014,580.35
75.781473833,604.86
75.804749380,604.86
75.827803899,604.86
75.850649105,604.86
75.874046988,627.64
75.897505928,627.64
75.921184743,627.64
75.944669923,627.64
75.968189728,627.64
75.991167799,648.26
76.014410032,648.26
76.037355655,648.26
76.060878244,648.26
76.084690372,674.44
76.108269217,674.44
76.131878367,674.44
76.154885046,674.44
76.178061039,674.44
76.201023942,697.70
76.224027933,697.70
76.246867474,697.70
76.270544145,697.70
76.293832139,702.95
76.316840898,702.95
76.340252574,702.95
76.363324086,702.95
76.386404558,699.92
76.409454021,699.92
76.432406556,699.92
76.455138128,699.92
76.477967813,699.92
76.500781819,674.53
76.523783826,674.53
76.546600999,674.53
76.569520285,674.53
76.593241404,653.42
76.616159410,653.42
76.639624303,653.42
76.662848168,653.42
76.685894624,630.77
76.709075257,630.77
76.734466730,630.77
76.757504001,630.77
76.780399159,630.77
76.803693905,608.90
76.826760489,608.90
76.849559614,608.90
76.872753495,608.90
76.895771822,585.49
76.918577251,585.49
76.941417848,585.49
76.964257133,585.49
76.987741482,561.71
77.010662976,561.71
77.033626006,561.71
77.056791919,561.71
77.079773862,561.71
77.102902942,539.56
77.125744404,539.56
77.148626377,539.56
77.171612640,539.56
77.194616887,515.58
77.218332950,515.58
77.241648624,515.58
77.264766760,515.58
77.288383974,515.58
77.311877186,496.65
77.335063611,496.65
77.358871355,496.65
77.382424024,496.65
77.406001685,474.01
77.429701044,474.01
77.453253905,474.01
77.476498570,474.01
77.500886384,489.76
77.524328588,489.76
77.547569829,489.76
77.570684862,489.76
77.594517822,513.68
77.617724631,513.68
77.641547319,513.68
77.665014451,513.68
77.688676817,513.68
77.712059948,534.89
77.735176068,534.89
77.758294780,534.89
77.786311945,534.89
77.809643811,555.49
77.833519684,555.49
77.856551515,555.49
77.879824917,555.49
77.904120985,579.94
77.927209489,579.94
77.950485579,579.94
77.982654116,579.94
78.005910270,599.05
78.029819806,599.05
78.052842037,599.05
78.075804204,599.05
78.099506762,616.23
78.123043015,616.23
78.146529603,616.23
78.169523290,616.23
78.192805683,616.23
78.215841163,640.29
78.238993219,640.29
78.262321853,640.29
78.285848218,640.29
78.308825553,657.04
78.332249356,657.04
78.355508294,657.04
78.378588253,657.04
78.402213083,677.51
78.425653206,677.51
78.448859951,677.51
78.471996264,677.51
78.495088319,677.51
78.518555355,687.52
78.541437041,687.52
78.565424754,687.52
78.589465140,687.52
78.612689902,682.79
78.636148969,682.79
78.659254017,682.79
78.682947583,682.79
78.706087832,678.72
78.729880663,678.72
78.753074704,678.72
78.776181512,678.72
78.799199327,678.72
78.822293206,680.16
78.845217964,680.16
78.871325860,680.16
78.894789184,680.16
78.918643136,675.55
78.942184092,675.55
78.965069906,675.55
78.988275371,675.55
79.012539695,675.03
79.036064619,675.03
79.059149507,675.03
79.082217082,675.03
79.105106128,680.70
79.128294216,680.70
79.151265503,680.70
79.174622329,680.70
79.198020116,680.70
79.221535984,675.09
79.244846762,675.09
79.267756896,675.09
79.291059034,675.09
79.315385407,675.18
79.338766746,675.18
79.362438808,675.18
79.385807186,675.18
79.409670738,681.09
79.432671081,681.09
79.455716704,681.09
79.478769943,681.09
79.501850127,681.09
79.525044551,678.72
79.548046814,678.72
79.571045365,678.72
79.594006667,678.72
79.618314960,684.33
79.641083172,684.33
79.663578421,684.33
79.686044198,684.33
79.708683833,684.33
79.732212661,639.86
79.755243468,639.86
79.778082465,639.86
79.801199001,639.86
79.824219984,637.97
79.847298567,637.97
79.870593217,637.97
79.893681464,637.97
79.916688591,631.37
79.939851591,631.37
79.962556218,631.37
79.987800873,631.37
80.010672766,631.37
80.033695957,613.55
80.056736972,613.55
80.079704162,613.55
80.102742361,613.55
80.125734159,589.34
80.148868967,589.34
80.171951327,589.34
80.195068535,589.34
80.218624019,572.79
80.241948013,572.79
80.265107909,572.79
80.288503552,572.79
80.311862682,572.79
80.335151860,552.73
80.358751505,552.73
80.382017066,552.73
80.405427397,552.73
80.428848608,526.52
80.452533822,526.52
80.476100699,526.52
80.499435989,526.52
80.523443798,504.02
80.546440173,504.02
80.570157771,504.02
80.593851689,504.02
80.617760745,504.02
80.641549224,484.08
80.664783489,484.08
80.687853464,484.08
80.711569399,484.08
80.735024018,518.00
80.758696176,518.00
80.782535375,518.00
80.805640103,518.00
80.828702718,526.36
80.851826805,526.36
80.875684885,526.36
80.899031759,526.36
80.922554411,535.96
80.946377994,535.96
80.981108030,535.96
81.004243062,535.96
81.027347022,558.34
81.050571750,558.34
81.074113890,558.34
81.097543485,558.34
81.120804727,579.17
81.143935950,579.17
81.167060870,579.17
81.190127293,579.17
81.213945596,579.17
81.237376151,602.65
81.260739537,602.65
81.284594641,602.65
81.307852298,602.65
81.331585480,629.35
81.354814753,629.35
81.377723351,629.35
81.401133041,629.35
81.425695864,651.75
81.449422967,651.75
81.472636943,651.75
81.495704966,651.75
81.519060673,651.75
81.542097271,684.02
81.565548307,684.02
81.589124303,684.02
81.612923470,684.02
81.636114118,698.88
81.659485345,698.88
81.682504247,698.88
81.705652015,698.88
81.728860936,703.49
81.752063936,703.49
81.774933781,703.49
81.798138510,703.49
81.821134180,703.49
81.844435101,703.35
81.867320722,703.35
81.890125094,703.35
81.912983227,703.35
81.936680345,687.10
81.959618318,687.10
81.991032095,687.10
82.014000980,687.10
82.037660050,665.32
82.060656776,665.32
82.083336603,665.32
82.106197391,665.32
82.129049988,644.33
82.152711521,644.33
82.176113820,644.33
82.199435062,644.33
82.222817584,644.33
82.246217866,621.53
82.269630757,621.53
82.292574683,621.53
82.315052747,621.53
82.337606717,576.20
82.361488764,576.20
82.384684949,576.20
82.408169072,576.20
82.432343219,572.29
82.455544587,572.29
82.478548225,572.29
82.501626424,572.29
82.524871793,572.29
82.548239307,572.93
82.571746887,572.93
82.595175394,572.93
82.618630877,572.93
82.642646398,571.53
82.665606484,571.53
82.688425896,571.53
82.711500511,571.53
82.735138396,574.56
82.758610583,574.56
82.782088019,574.56
82.805194218,574.56
82.828248160,574.56
82.851539738,574.96
82.875080566,574.96
82.898510352,574.96
82.922351535,574.96
82.945733673,587.84
82.968844769,587.84
82.992129626,587.84
83.015421427,587.84
83.039531029,607.97
83.062940623,607.97
83.086704302,607.97
83.110221609,607.97
83.133273152,607.97
83.156211861,633.89
83.179433294,633.89
83.203117739,633.89
83.226529189,633.89
83.250276227,656.88
83.274159395,656.88
83.297192409,656.88
83.320336433,656.88
83.343607018,689.01
83.366619680,689.01
83.390111643,689.01
83.413689272,689.01
83.437225683,689.01
83.460333483,704.45
83.483596484,704.45
83.506525913,704.45
83.530146742,704.45
83.553244109,705.10
83.576444805,705.10
83.599393402,705.10
83.622429041,705.10
83.645597865,705.37
83.668669216,705.37
83.691708822,705.37
83.714691980,705.37
83.738090342,705.37
83.761474304,688.93
83.785110141,688.93
83.808194420,688.93
83.831970834,688.93
83.855648079,664.15
83.878356130,664.15
83.900809426,664.15
83.923636806,664.15
83.947752520,628.49
83.982957216,628.49
84.006897760,628.49
84.030173945,628.49
84.054591742,630.13
84.081080377,630.13
84.104641045,630.13
84.128520565,630.13
84.151865070,628.61
84.175327465,628.61
84.198706851,628.61
84.222036508,628.61
84.245500279,628.61
84.268651599,627.01
84.292004425,627.01
84.315276097,627.01
84.338606491,627.01
84.361751090,608.89
84.384662119,608.89
84.407530556,608.89
84.431266681,608.89
84.454445393,605.47
84.477934668,605.47
84.501150149,605.47
84.524207483,605.47
84.547345203,605.47
84.570511114,595.59
84.593908836,595.59
84.616910170,595.59
84.640375157,595.59
84.663466700,574.56
84.686293216,574.56
84.709662586,574.56
84.733208246,574.56
84.756236652,579.12
84.779518565,579.12
84.802851934,579.12
84.825851124,579.12
84.848818953,579.12
84.872120994,598.95
84.895806783,598.95
84.919117816,598.95
84.942475634,598.95
84.965846156,621.86
84.989030659,621.86
85.011901112,621.86
85.034991822,621.86
85.058181766,621.86
85.080987994,611.34
85.103952527,611.34
85.129663426,611.34
85.152791257,611.34
85.176347349,608.90
85.199275178,608.90
85.222101246,608.90
85.245684314,608.90
85.269250069,603.95
85.293040532,603.95
85.316255980,603.95
85.339804039,603.95
85.363647462,613.65
85.387049024,613.65
85.410128279,613.65
85.433730131,613.65
85.457516145,613.65
85.480493447,608.55
85.503397883,608.55
85.526330384,608.55
85.549623369,608.55
85.572765184,617.16
85.595649621,617.16
85.618492105,617.16
85.641884099,617.16
85.665771010,630.52
85.689626017,630.52
85.713087708,630.52
85.736707224,630.52
85.760104594,636.14
85.783261129,636.14
85.806270303,636.14
85.829337045,636.14
85.852255978,636.14
85.875435938,636.05
85.898799771,636.05
85.922698874,636.05
85.945901458,636.05
85.969609935,644.75
85.993134059,644.75
86.016371107,644.75
86.039125750,644.75
86.063095126,648.41
86.086080971,648.41
86.108998112,648.41
86.131846868,648.41
86.155233325,648.41
86.181163490,650.67
86.204784831,650.67
86.228433211,650.67
86.252391483,650.67
86.275860438,648.31
86.298900748,648.31
86.322093795,648.31
86.345376668,648.31
86.368527091,650.56
86.391978221,650.56
86.414963651,650.56
86.437863927,650.56
86.461311538,650.56
86.483920195,650.61
86.506271250,650.61
86.529623915,650.61
86.552807651,650.61
86.575831097,636.74
86.598666029,636.74
86.621666402,636.74
86.644839514,636.74
86.667800815,621.87
86.690746564,621.87
86.713821146,621.87
86.736732655,621.87
86.759961191,621.87
86.782901692,603.71
86.806025938,603.71
86.828872422,603.71
86.851884060,603.71
86.875078163,581.41
86.897813606,581.41
86.920785179,581.41
86.943944594,581.41
86.967002824,565.30
86.990172256,565.30
87.012960595,565.30
87.035898088,565.30
87.059429667,565.30
87.082724059,548.19
87.105802802,548.19
87.128548100,548.19
87.151743452,548.19
87.174800370,527.14
87.197913481,527.14
87.220988735,527.14
87.243957300,527.14
87.266862504,527.14
87.290181633,507.06
87.313144534,507.06
87.336279373,507.06
87.360125644,507.06
87.383403940,491.41
87.406516475,491.41
87.429512848,491.41
87.452711752,491.41
87.475992416,469.86
87.499160055,469.86
87.522138957,469.86
87.544972416,469.86
87.568045238,469.86
87.591361263,466.87
87.614494886,466.87
87.637505180,466.87
87.660499665,466.87
87.683129923,462.10
87.706353338,462.10
87.729754004,462.10
87.752853835,462.10
87.776571880,462.68
87.799528061,462.68
87.822620083,462.68
87.845633512,462.68
87.869033602,462.68
87.892361019,460.40
87.915540242,460.40
87.938480678,460.40
87.961754655,460.40
87.988928192,457.53
88.012001527,457.53
88.035205262,457.53
88.058025121,457.53
88.081320858,454.99
88.104698547,454.99
88.128129805,454.99
88.151213859,454.99
88.174307194,454.99
88.196969323,450.70
88.219869247,450.70
88.243298073,450.70
88.266791828,450.70
88.290867317,452.35
88.314069516,452.35
88.337471590,452.35
88.360906336,452.35
88.384593020,448.25
88.407120652,448.25
88.430659944,448.25
88.453813982,448.25
88.477501595,448.25
88.501069078,444.45
88.524487344,444.45
88.547928490,444.45
88.571650023,444.45
88.595137826,469.20
88.618267640,469.20
88.642144087,469.20
88.665027595,469.20
88.688358628,490.62
88.711651196,490.62
88.734935157,490.62
88.758452335,490.62
88.782016203,490.62
88.805264706,511.61
88.828586779,511.61
88.851682545,511.61
88.874695718,511.61
88.897891902,535.46
88.920942739,535.46
88.944251468,535.46
88.967811207,535.46
88.991051007,560.42
89.014684154,560.42
89.038384183,560.42
89.061541486,560.42
89.084881927,560.42
89.108016317,571.79
89.130957938,571.79
89.154174569,571.79
89.177140542,571.79
89.200112691,590.91
89.223127976,590.91
89.246482145,590.91
89.269837946,590.91
89.293766457,608.57
89.317521494,608.57
89.340930832,608.57
89.364338697,608.57
89.387525664,608.57
89.410541046,621.21
89.433722413,621.21
89.456834627,621.21
89.479835192,621.21
89.502602987,636.19
89.525573824,636.19
89.549079674,636.19
89.571970766,636.19
89.595607658,636.35
89.619013092,636.35
89.642099898,636.35
89.665240016,636.35
89.688996814,636.35
89.712115588,632.46
89.735335227,632.46
89.758385265,632.46
89.781325638,632.46
89.804401915,624.87
89.827417744,624.87
89.850461382,624.87
89.873307065,624.87
89.897192376,618.37
89.920342958,618.37
89.943413796,618.37
89.966411225,618.37
89.989778226,618.37
90.012857224,619.13
90.035885725,619.13
90.059570937,619.13
90.083477368,619.13
90.106799216,621.87
90.130271338,621.87
90.153499330,621.87
90.176220180,621.87
90.200801786,621.97
90.224422005,621.97
90.247117639,621.97
90.270205245,621.97
90.293323219,621.97
90.316331752,622.18
90.339669217,622.18
90.362808407,622.18
90.388970638,622.18
90.411962051,632.13
90.435443389,632.13
90.459064153,632.13
90.483244954,632.13
90.506487058,637.05
90.530181518,637.05
90.553280772,637.05
90.576302617,637.05
90.599580241,637.05
90.623395599,632.95
90.646486021,632.95
90.669212439,632.95
90.692709777,632.95
90.715628869,633.07
90.738460121,633.07
90.761820114,633.07
90.785379884,633.07
90.808409889,642.27
90.831220052,642.27
90.854235177,642.27
90.877439328,642.27
90.900731544,642.27
90.923875631,647.37
90.947112646,647.37
90.970120123,647.37
90.992671595,647.37
91.015193595,612.64
91.038547891,612.64
91.061981581,612.64
91.085069763,612.64
91.108045559,615.49
91.130997675,615.49
91.154103425,615.49
91.177083670,615.49
91.200531376,615.49
91.223815208,619.92
91.247187040,619.92
91.270370295,619.92
91.293685039,619.92
91.316583715,620.44
91.339680121,620.44
91.362707630,620.44
91.386019238,620.44
91.410171847,620.62
91.436115259,620.62
91.459190897,620.62
91.483068271,620.62
91.506796652,620.62
91.530271238,622.50
91.553240186,622.50
91.576318064,622.50
91.599511591,622.50
91.622690238,625.56
91.645670066,625.56
91.668630407,625.56
91.692373059,625.56
91.715298903,629.61
91.738416142,629.61
91.761693797,629.61
91.784609529,629.61
91.807783952,629.61
91.830867845,609.04
91.853841626,609.04
91.876760750,609.04
91.900136902,609.04
91.923010010,590.97
91.945804140,590.97
91.968882178,590.97
91.992071928,590.97
92.015607827,590.97
92.038710760,605.07
92.061634140,605.07
92.084608529,605.07
92.107926345,605.07
92.131133408,586.41
92.154233845,586.41
92.177145673,586.41
92.199871067,586.41
92.223235987,567.12
92.246219496,567.12
92.269247901,567.12
92.292202065,567.12
92.316054543,567.12
92.339065572,548.55
92.361889847,548.55
92.384857803,548.55
92.408036098,548.55
92.431020662,530.67
92.453905354,530.67
92.480565797,530.67
92.503532890,530.67
92.527038132,512.43
92.550228682,512.43
92.573237279,512.43
92.595835471,512.43
92.619419402,512.43
92.642494752,494.31
92.665562773,494.31
92.688503273,494.31
92.711365757,494.31
92.734452690,469.52
92.757371302,469.52
92.780388475,469.52
92.803137933,469.52
92.826857353,468.94
92.849936222,468.94
92.872876050,468.94
92.895969896,468.94
92.919121022,468.94
92.942404437,467.32
92.965816590,467.32
92.988959652,467.32
93.012242620,467.32
93.035500467,467.23
93.058537800,467.23
93.081452444,467.23
93.104874709,467.23
93.128708882,467.58
93.151891529,467.58
93.174729339,467.58
93.197442029,467.58
93.220750501,467.58
93.244134077,468.62
93.267024401,468.62
93.290007429,468.62
93.312831320,468.62
93.336311345,468.54
93.359493480,468.54
93.382523581,468.54
93.405576594,468.54
93.428814313,468.34
93.452057888,468.34
93.475032788,468.34
93.497970184,468.34
93.521058302,468.34
93.544204020,466.93
93.567561996,466.93
93.590890500,466.93
93.614227516,466.93
93.637585236,465.44
93.660951245,465.44
93.683573501,465.44
93.707477532,465.44
93.730753107,460.99
93.754178892,460.99
93.777106400,460.99
93.800025555,460.99
93.823456716,460.99
93.847185992,478.40
93.870413983,478.40
93.893621142,478.40
93.916719915,478.40
93.939860225,497.31
93.963224633,497.31
93.989030796,497.31
94.013252877,497.31
94.036656806,514.76
94.059838780,514.76
94.083158228,514.76
94.106202889,514.76
94.130916143,531.34
94.154419753,531.34
94.177588319,531.34
94.200730741,531.34
94.223918603,531.34
94.247231075,548.73
94.270753757,548.73
94.294337880,548.73
94.317894450,548.73
94.341047976,567.24
94.364485537,567.24
94.387662615,567.24
94.410931278,567.24
94.434782668,584.45
94.458102852,584.45
94.481210137,584.45
94.504343087,584.45
94.527823241,584.45
94.551569605,602.30
94.581415938,602.30
94.604657017,602.30
94.628210067,602.30
94.651324489,621.60
94.674625760,621.60
94.697951864,621.60
94.721304784,621.60
94.744543239,646.78
94.767662301,646.78
94.790562032,646.78
94.813446819,646.78
94.836620697,636.86
94.859871536,636.86
94.882819972,636.86
94.905932985,636.86
94.928679115,636.86
94.951591710,618.32
94.982407333,618.32
95.005457882,618.32
95.028879251,618.32
95.051689893,598.32
95.074809626,598.32
95.097923024,598.32
95.120983589,598.32
95.144184027,579.87
95.167499347,579.87
95.190877227,579.87
95.213893887,579.87
95.238109505,579.87
95.261325495,560.28
95.284665839,560.28
95.307833349,560.28
95.331410431,560.28
95.354383379,541.20
95.377377159,541.20
95.400221722,541.20
95.423394736,541.20
95.446474053,527.27
95.469546842,527.27
95.492750449,527.27
95.515994503,527.27
95.538817018,527.27
95.562116273,509.03
95.585463241,509.03
95.608706752,509.03
95.631677396,509.03
95.654395781,493.75
95.679346382,493.75
95.702305826,493.75
95.725004467,493.75
95.748587949,473.23
95.771658498,473.23
95.794823448,473.23
95.817680843,473.23
95.840747743,467.18
95.863828404,467.18
95.886575622,467.18
95.909617498,467.18
95.932783024,467.18
95.955871461,467.80
95.988360638,467.80
96.011136784,467.80
96.034374694,467.80
96.057659325,470.70
96.080586289,470.70
96.103310850,470.70
96.126485432,470.70
96.149416971,473.13
96.172561409,473.13
96.195654134,473.13
96.218773963,473.13
96.241794496,473.13
96.264652178,472.56
96.287670566,472.56
96.310336983,472.56
96.333396556,472.56
96.356265502,473.75
96.379247890,473.75
96.402195014,473.75
96.425443741,473.75
96.448606290,470.58
96.471491973,470.58
96.494152982,470.58
96.517215818,470.58
96.540755300,470.58
96.563825689,471.51
96.586782957,471.51
96.609686976,471.51
96.633143449,471.51
96.656807924,470.52
96.685983529,470.52
96.709280225,470.52
96.732841531,470.52
96.756686648,467.90
96.779316328,467.90
96.801738486,467.90
96.825075245,467.90
96.848676167,461.92
96.872085888,461.92
96.895113780,461.92
96.918340010,461.92
96.941901220,461.92
96.965306364,481.34
96.988579155,481.34
97.011782729,481.34
97.035137697,481.34
97.058909053,498.53
97.082212116,498.53
97.105373002,498.53
97.128421726,498.53
97.152560766,498.64
97.175706740,498.64
97.199127468,498.64
97.222325026,498.64
97.245591065,498.64
97.268792047,499.49
97.291525088,499.49
97.314593589,499.49
97.337967661,499.49
97.361275428,499.01
97.384480538,499.01
97.407705680,499.01
97.430749733,499.01
97.453838362,498.80
97.476969935,498.80
97.500227846,498.80
97.523154809,498.80
97.546125933,498.80
97.569298722,498.91
97.592457016,498.91
97.615680526,498.91
97.638953605,498.91
97.662100570,497.84
97.685360241,497.84
97.708377509,497.84
97.732598406,497.84
97.755903933,499.34
97.779367862,499.34
97.802464811,499.34
97.825716673,499.34
97.848923351,499.34
97.872208430,506.41
97.895218402,506.41
97.918368855,506.41
97.941844560,506.41
97.965375178,485.88
97.988844930,485.88
98.011855254,485.88
98.034881738,485.88
98.058451652,485.88
98.081852348,466.88
98.104860464,466.88
98.127862436,466.88
98.151351037,466.88
98.174929111,465.14
98.198397232,465.14
98.221584005,465.14
98.245170815,465.14
98.268293557,464.63
98.290809283,464.63
98.314408893,464.63
98.337743445,464.63
98.362582332,459.69
98.386137494,459.69
98.410091668,459.69
98.433633869,459.69
98.457352936,459.69
98.480961283,478.98
98.504939905,478.98
98.528549531,478.98
98.552324215,478.98
98.575731407,499.95
98.598789508,499.95
98.622291869,499.95
98.645896375,499.95
98.669737748,520.70
98.692864681,520.70
98.716274977,520.70
98.739582488,520.70
98.763410580,543.54
98.787325586,543.54
98.811125806,543.54
98.834559110,543.54
98.857655611,543.54
98.881029298,566.18
98.904308361,566.18
98.927569023,566.18
98.951125497,566.18
98.982699527,586.02
99.005616346,586.02
99.028740911,586.02
99.052207368,586.02
99.075918595,603.32
99.099254618,603.32
99.122672210,603.32
99.145781703,603.32
99.169067261,625.31
99.191997328,625.31
99.215487081,625.31
99.238801920,625.31
99.262732958,625.31
99.286105461,645.41
99.309180330,645.41
99.332261310,645.41
99.356353149,645.41
99.379576915,671.10
99.402672040,671.10
99.425794781,671.10
99.449296118,671.10
99.472415339,673.49
99.495427743,673.49
99.518430802,673.49
99.541164163,673.49
99.564637980,673.49
99.587783409,657.45
99.611034151,657.45
99.634118396,657.45
99.656892269,657.45
99.680052610,636.67
99.703190071,636.67
99.725942408,636.67
99.749106846,636.67
99.773074268,616.41
99.795935534,616.41
99.819050018,616.41
99.841858676,616.41
99.865250187,616.41
99.888291967,596.66
99.911246546,596.66
99.934204262,596.66
99.957515388,596.66
99.988717287,577.90
100.011862876,577.90
100.034891855,577.90
100.058103205,577.90
100.081075352,559.87
100.104037963,559.87
100.126828349,559.87
100.149936913,559.87
100.173081030,559.87
100.196147163,536.12
100.219173646,536.12
100.242208066,536.12
100.265879421,536.12
100.288890448,516.34
100.311928292,516.34
100.334758998,516.34
100.358095053,516.34
100.381474692,516.34
100.404800091,498.89
100.427777359,498.89
100.451014533,498.89
100.474210074,498.89
100.497373583,470.75
100.520419331,470.75
100.543513912,470.75
100.566644909,470.75
100.589736321,468.05
100.613263770,468.05
100.636326574,468.05
100.659119648,468.05
100.682378006,468.05
100.705537227,468.12
100.728695680,468.12
100.751888854,468.12
100.775163020,468.12
100.798346818,467.76
100.821372917,467.76
100.844490538,467.76
100.868041155,467.76
100.891103895,466.55
100.914093258,466.55
100.937301440,466.55
100.960634647,466.55
100.989583721,465.51
101.012715614,465.51
101.035677168,465.51
101.058785061,465.51
101.081971514,465.51
101.105405778,463.61
101.128954923,463.61
101.152484228,463.61
101.176102238,463.61
101.199627543,465.39
101.223299762,465.39
101.246851659,465.39
101.270030176,465.39
101.293072020,467.84
101.316375978,467.84
101.339800002,467.84
101.363184985,467.84
101.386556881,467.84
101.410058825,466.33
101.433486561,466.33
101.456742807,466.33
101.480783574,466.33
101.504482096,463.90
101.528204267,463.90
101.551703460,463.90
101.575428895,463.90
101.598930840,461.55
101.622261743,461.55
101.645819464,461.55
101.669261408,461.55
101.692608535,459.61
101.716139280,459.61
101.739524615,459.61
101.762660412,459.61
101.786254613,459.61
101.809507307,458.40
101.833014340,458.40
101.856370267,458.40
101.879415758,458.40
101.903034120,457.51
101.929100540,457.51
101.952003726,457.51
101.982045868,457.51
102.005036959,459.90
102.027966161,459.90
102.050878276,459.90
102.074029976,459.90
102.097817332,459.90
102.121080010,466.77
102.144043869,466.77
102.167138353,466.77
102.190651145,466.77
102.213693149,470.99
102.236656624,470.99
102.259612835,470.99
102.282543733,470.99
102.305991245,473.23
102.328722525,473.23
102.351141482,473.23
102.373330741,473.23
102.395816067,473.23
102.418373585,445.35
102.441303972,445.35
102.464911933,445.35
102.489508545,445.35
102.513030394,438.42
102.536365137,438.42
102.559747112,438.42
102.583377250,438.42
102.606937595,452.60
102.630314802,452.60
102.653693577,452.60
102.677124129,452.60
102.700869980,467.42
102.724722616,467.42
102.747856717,467.42
102.770980065,467.42
102.794192759,467.42
102.817399052,481.73
102.840947845,481.73
102.864460541,481.73
102.887430160,481.73
102.910478404,497.11
102.933745465,497.11
102.957121008,497.11
102.993047596,497.11
103.016019263,509.63
103.039164467,509.63
103.062128678,509.63
103.085564254,509.63
103.108813779,521.85
103.132214155,521.85
103.154986523,521.85
103.177932558,521.85
103.200931073,521.85
103.224256215,532.22
103.247530221,532.22
103.270410111,532.22
103.293640885,532.22
103.316605959,542.77
103.339607322,542.77
103.362657422,542.77
103.385855747,542.77
103.409208666,587.98
103.432102668,587.98
103.455001822,587.98
103.477828143,587.98
103.500959043,587.98
103.524052503,600.85
103.546744487,600.85
103.569640409,600.85
103.592641260,600.85
103.615924930,592.61
103.639209688,592.61
103.662140235,592.61
103.685097245,592.61
103.707935918,582.97
103.730952770,582.97
103.753977653,582.97
103.776870983,582.97
103.799976987,582.97
103.822994862,574.55
103.845942112,574.55
103.868857266,574.55
103.892352490,574.55
103.915552447,563.25
103.938526866,563.25
103.961448932,563.25
103.987447671,563.25
104.010503882,554.40
104.033541661,554.40
104.056432687,554.40
104.079940391,554.40
104.103259134,554.40
104.126468819,539.44
104.149681000,539.44
104.172515161,539.44
104.195579757,539.44
104.218342653,529.19
104.241228399,529.19
104.263959647,529.19
104.286864817,529.19
104.310026949,529.19
104.333104089,514.87
104.356109420,514.87
104.379056830,514.87
104.402333684,514.87
104.425580170,502.89
104.448445371,502.89
104.471320013,502.89
104.494194622,502.89
104.517020399,502.18
104.540103971,502.18
104.562996373,502.18
104.585804422,502.18
104.609124956,502.18
104.631630378,497.79
104.653841876,497.79
104.675990238,497.79
104.698481196,497.79
104.720942681,462.58
104.743464679,462.58
104.766698140,462.58
104.790355190,462.58
104.813804045,462.58
104.836821600,455.69
104.859884244,455.69
104.882909703,455.69
104.906178524,455.69
104.929629428,465.11
104.952812424,465.11
104.981864603,465.11
105.005304306,465.11
105.028735914,473.16
105.051720252,473.16
105.074735343,473.16
105.097955140,473.16
105.121241754,483.67
105.144658993,483.67
105.167929895,483.67
105.191153532,483.67
105.214455474,483.67
105.237733704,493.31
105.261383713,493.31
105.285059067,493.31
105.308564787,493.31
105.331821993,503.58
105.354803355,503.58
105.378404404,503.58
105.401544168,503.58
105.425216898,514.82
105.448090132,514.82
105.471031206,514.82
105.493992216,514.82
105.517429584,514.82
105.540417986,526.95
105.563375028,526.95
105.586468744,526.95
105.609825919,526.95
105.632825585,543.69
105.656020870,543.69
105.679205499,543.69
105.702556913,543.69
105.725601829,582.58
105.748673464,582.58
105.771723851,582.58
105.794719710,582.58
105.817766673,582.58
105.840851941,598.41
105.863757782,598.41
105.886842858,598.41
105.909758011,598.41
105.932680525,588.60
105.955840065,588.60
105.987967028,588.60
106.011093064,588.60
106.034181052,581.76
106.057260495,581.76
106.080264930,581.76
106.103222004,581.76
106.129937326,572.99
106.153201859,572.99
106.176368056,572.99
106.199367402,572.99
106.222405725,572.99
106.245446960,562.71
106.268263937,562.71
106.291251987,562.71
106.314210182,562.71
106.337253785,551.62
106.360105482,551.62
106.382387157,551.62
106.404552798,551.62
106.426817833,551.62
106.448852306,507.79
106.470983899,507.79
106.493172197,507.79
106.515384111,507.79
106.537637274,461.86
106.559649506,461.86
106.581785100,461.86
106.603855252,461.86
106.626091423,461.86
106.648175848,414.00
106.670314801,414.00
106.692522268,414.00
106.714669221,414.00
106.736943184,366.17
106.759035641,366.17
106.781145506,366.17
106.803215595,366.17
106.825390357,366.17
106.847559454,329.44
106.869723720,329.44
106.891867698,329.44
106.914123260,329.44
106.936279046,288.93
106.958354670,288.93
106.987194047,288.93
107.009255655,288.93
107.031469009,288.93
107.053575354,256.15
107.075697763,256.15
107.097767852,256.15
107.119864629,256.15
107.142185728,214.73
107.164459179,214.73
107.186835095,214.73
107.209030433,214.73
107.231208619,214.73
107.253317844,178.55
107.275500446,178.55
107.297611655,178.55
107.319795249,178.55
107.341984603,148.49
107.364083332,148.49
107.386209069,148.49
107.408328054,148.49
107.430404991,148.49
107.452581832,136.36
107.474810419,136.36
107.497007933,136.36
107.519174726,136.36
107.541420369,136.01
107.563666683,136.01
107.585701316,136.01
107.607774124,136.01
107.629933174,136.01
107.652114912,135.76
107.674185928,135.76
107.696272817,135.76
107.718364986,135.76
107.740528708,135.59
107.762845679,135.59
107.784928504,135.59
107.807036001,135.59
107.829111337,135.59
107.851199442,135.44
107.873423964,135.44
107.895648102,135.44
107.917929809,135.44
107.940353277,135.36
107.962664968,135.36
107.987648079,135.36
108.010214397,135.36
108.033599284,135.36
108.057177164,144.38
108.080589219,144.38
108.103752471,144.38
108.126721033,144.38
108.149639098,187.13
108.172715789,187.13
108.195802112,187.13
108.218942100,187.13
108.267079247,242.85
108.290458822,242.85
108.313427096,242.85
108.336279944,242.85
108.359225210,285.60
108.382257133,285.60
108.405431169,285.60
108.428839927,285.60
108.451940075,285.60
108.474891901,334.95
108.498013232,334.95
108.521877388,334.95
108.545317027,334.95
108.568460438,381.24
108.591746636,381.24
108.614502907,381.24
108.637937490,381.24
108.661858862,422.95
108.685261893,422.95
108.708191894,422.95
108.731397067,422.95
108.754600543,422.95
108.777609490,477.85
108.800777702,477.85
108.824187612,477.85
108.847313296,477.85
108.870572068,527.90
108.893846906,527.90
108.917072718,527.90
108.939949023,527.90
108.963754586,571.07
108.988599039,571.07
109.011709587,571.07
109.034532227,571.07
109.057671126,571.07
109.080649672,601.54
109.103429176,601.54
109.126375722,601.54
109.149604286,601.54
109.172909428,593.32
109.195946758,593.32
109.219046010,593.32
109.241844522,593.32
109.265557891,583.25
109.288650454,583.25
109.314474982,583.25
109.337462744,583.25
109.360491435,583.25
109.383457821,574.31
109.406487759,574.31
109.429688387,574.31
109.453050457,574.31
109.476011211,564.53
109.498896604,564.53
109.521748237,564.53
109.544778367,564.53
109.568336983,554.10
109.591305449,554.10
109.614308763,554.10
109.637233421,554.10
109.660477985,554.10
109.683724726,545.16
109.706758825,545.16
109.729780379,545.16
109.752099174,545.16
109.775030455,521.27
109.797080831,521.27
109.819240841,521.27
109.841369457,521.27
109.863597435,521.27
109.885851269,465.74
109.908020207,465.74
109.930187704,465.74
109.952326817,465.74
109.981997177,415.11
110.004216515,415.11
110.026331660,415.11
110.048301075,415.11
110.071071938,376.42
110.093459054,376.42
110.115707800,376.42
110.137875457,376.42
110.160225101,376.42
110.182386742,341.05
110.204695168,341.05
110.226917674,341.05
110.248930578,341.05
110.271695393,304.75
110.293976044,304.75
110.316089109,304.75
110.338105532,304.75
110.360461383,304.75
110.382581232,263.95
110.404819194,263.95
110.426845378,263.95
110.448943307,263.95
110.471107092,263.95
110.493088219,232.82
110.515154979,232.82
110.537276588,232.82
110.559625783,232.82
110.581771360,196.87
110.603936905,196.87
110.626019186,196.87
110.648174363,196.87
110.670334468,196.87
110.692412300,153.51
110.714688951,153.51
110.736788383,153.51
110.759031209,153.51
110.781210931,135.80
110.803217978,135.80
110.825143233,135.80
110.847105256,135.80
110.869170064,135.80
110.891370201,135.28
110.913527490,135.28
110.935662571,135.28
110.957859060,135.28
110.987955057,135.04
111.010240507,135.04
111.032301571,135.04
111.054442572,135.04
111.076429331,135.04
111.098789470,134.90
111.120945799,134.90
111.143158641,134.90
111.165275354,134.90
111.187561604,134.80
111.209738861,134.80
111.231854902,134.80
111.253939870,134.80
111.276081479,134.80
111.298268208,134.64
111.320672860,134.64
111.342788228,134.64
111.364826380,134.64
111.386888436,134.53
111.409013213,134.53
111.431158758,134.53
111.453264366,134.53
111.475222997,134.53
111.497520160,134.41
111.519996844,134.41
111.542234230,134.41
111.564858372,134.41
111.587331600,134.33
111.609923646,134.33
111.632408522,134.33
111.655769952,134.33
111.679616122,134.33
111.703086705,163.16
111.726020162,163.16
111.748715281,163.16
111.771683459,163.16
111.795006392,209.45
111.817871720,209.45
111.840777369,209.45
111.863468519,209.45
111.887396195,253.87
111.910727256,253.87
111.933794186,253.87
111.956845885,253.87
111.988838285,299.54
112.012159202,299.54
112.035521623,299.54
112.058838797,299.54
112.081892447,299.54
112.104853904,346.40
112.128029924,346.40
112.151227416,346.40
112.174560301,346.40
112.197633407,393.28
112.220860627,393.28
112.244000999,393.28
112.267654079,393.28
112.291442233,436.21
112.314643629,436.21
112.337313051,436.21
112.360297645,436.21
112.383493345,436.21
112.406754197,490.60
112.429808391,490.60
112.453041692,490.60
112.476174671,490.60
112.499133504,541.67
112.522259507,541.67
112.545589704,541.67
112.568789500,541.67
112.592887705,590.98
112.615987468,590.98
112.639100415,590.98
112.662126577,590.98
112.685203171,590.98
112.708053492,598.20
112.731112678,598.20
112.753992919,598.20
112.777274251,598.20
112.801172646,588.99
112.824034838,588.99
112.846870822,588.99
112.869866744,588.99
112.892925194,580.80
112.916118237,580.80
112.939237552,580.80
112.962355011,580.80
112.988813433,580.80
113.011905324,572.18
113.034967518,572.18
113.058025264,572.18
113.080876288,572.18
113.103859633,561.33
113.126873987,561.33
113.149866901,561.33
113.172855494,561.33
113.195974873,561.33
113.218952170,552.61
113.241961276,552.61
113.265043054,552.61
113.288680039,552.61
113.311913787,541.56
113.335024205,541.56
113.358004447,541.56
113.381079473,541.56
113.404130051,528.02
113.427206070,528.02
113.450298888,528.02
113.473332634,528.02
113.497533688,528.02
113.520990159,516.34
113.544057569,516.34
113.567212884,516.34
113.590299207,516.34
113.613234840,501.60
113.636174217,501.60
113.659070425,501.60
113.682407118,501.60
113.705430304,501.38
113.728479602,501.38
113.751405539,501.38
113.774258259,501.38
113.797251108,501.38
113.820595289,502.17
113.843581387,502.17
113.866597788,502.17
113.889557069,502.17
113.912760897,502.31
113.935499151,502.31
113.958271198,502.31
113.988234265,502.31
114.011299915,503.14
114.034423294,503.14
114.057661618,503.14
114.081011783,503.14
114.104873089,504.11
114.127869619,504.11
114.150665890,504.11
114.173741172,504.11
114.196759430,504.11
114.219614614,503.45
114.242659016,503.45
114.265577144,503.45
114.288607562,503.45
114.312429220,504.08
114.335511030,504.08
114.358433319,504.08
114.381393560,504.08
114.404587500,503.55
114.427573341,503.55
114.450422093,503.55
114.473365886,503.55
114.496411088,503.55
114.519402337,503.90
114.542296977,503.90
114.565214274,503.90
114.590778510,503.90
114.614698185,504.18
114.637670330,504.18
114.660382793,504.18
114.683388794,504.18
114.706260618,504.18
114.729240220,503.51
114.752255821,503.51
114.775143005,503.51
114.798115278,503.51
114.821331458,504.27
114.844524853,504.27
114.867530663,504.27
114.890722138,504.27
114.913733195,503.88
114.936984063,503.88
114.960100786,503.88
114.988523484,503.88
115.011731375,503.56
115.034766209,503.56
115.057570224,503.56
115.080701571,503.56
115.103701428,503.56
115.126666469,503.08
115.149688023,503.08
115.172692520,503.08
115.195720634,503.08
115.219352625,503.34
115.242238114,503.34
115.265121234,503.34
115.288118243,503.34
115.311137844,502.26
115.334531594,502.26
115.357717533,502.26
115.380732846,502.26
115.403818881,502.26
115.426880787,502.60
115.449837348,502.60
115.472782932,502.60
115.495857702,502.60
115.519054362,502.47
115.542010250,502.47
115.565008732,502.47
115.588605555,502.47
115.611833031,502.47
115.635310365,503.35
115.658258702,503.35
115.681183807,503.35
115.704270481,503.35
115.727366659,503.08
115.750213587,503.08
115.773007842,503.08
115.796345622,503.08
115.819385384,503.29
115.842569915,503.29
115.865451403,503.29
115.888516701,503.29
115.911188970,503.29
115.933272690,495.43
115.955465531,495.43
115.981125544,495.43
116.003380913,495.43
116.025805404,458.62
116.047905444,458.62
116.070008876,458.62
116.092112467,458.62
116.114202139,458.62
116.136199106,422.51
116.158381642,422.51
116.180548179,422.51
116.202518009,422.51
116.225129414,385.67
116.247253774,385.67
116.269375926,385.67
116.291366044,385.67
116.313426244,385.67
116.335499883,349.14
116.357590291,349.14
116.379659674,349.14
116.401940772,349.14
116.424403375,312.58
116.447019132,312.58
116.469357543,312.58
116.491930675,312.58
116.514453407,312.58
116.536883883,280.52
116.559238197,280.52
116.581502719,280.52
116.603880841,280.52
116.626176147,238.66
116.648464573,238.66
116.670668453,238.66
116.692873998,238.66
116.715070903,238.66
116.737184735,207.94
116.759378951,207.94
116.781608432,207.94
116.804097948,207.94
116.826376102,164.71
