nb_users,latency
1,15.611754179000854
1,31.947417974472046
1,11.52021050453186
1,12.235309600830078
1,31.720309019088745
1,9.99900507926941
1,31.794054746627808
1,10.101667881011963
1,10.523995399475098
1,12.206465721130371
10,27.037001371383667
10,28.2909734249115
10,28.034446716308594
10,25.95376229286194
10,27.56331729888916
10,30.324400424957275
10,26.704710721969604
10,45.74537444114685
10,29.15483546257019
10,27.28599739074707
10,26.319305658340454
10,26.454619884490967
10,29.164028882980347
10,31.12241268157959
10,30.592690229415894
10,27.652945041656494
10,27.563441276550293
10,51.48291540145874
10,31.077120780944824
10,53.190828800201416
10,26.846798181533813
10,58.31440258026123
10,41.414058685302734
10,24.26616144180298
10,61.7320077419281
10,29.404460191726685
10,25.545698404312134
10,425.13779067993164
10,27.399688482284546
10,27.59449863433838
10,52.38861608505249
10,28.269854307174683
10,27.70972752571106
10,29.14851140975952
10,25.960410833358765
10,55.889458656311035
10,27.707834005355835
10,27.244155883789062
10,27.834480047225952
10,28.821118354797363
10,32.02685213088989
10,36.444742918014526
10,25.111724138259888
10,26.499650239944458
10,28.096266508102417
10,26.389058351516724
10,25.930440187454224
10,51.37072134017944
10,27.951437950134277
10,28.091492891311646
10,56.28562068939209
10,57.68693256378174
10,31.983508825302124
10,27.15910792350769
10,31.510452270507812
10,27.895751953125
10,28.8266658782959
10,31.381980419158936
10,31.021769523620605
10,27.659775733947754
10,54.03973078727722
10,28.810102701187134
10,26.93482756614685
10,26.770057439804077
10,25.299306392669678
10,28.073933124542236
10,60.03920769691467
10,24.612537622451782
10,30.540780067443848
10,37.0737190246582
10,27.60442328453064
10,60.07737684249878
10,31.590818643569946
10,60.31279468536377
10,25.647302389144897
10,57.730738162994385
10,28.619436025619507
10,27.601243019104004
10,26.763169050216675
10,29.553117275238037
10,59.80062699317932
10,60.04117012023926
10,59.646326303482056
10,29.609569549560547
10,26.403769969940186
10,27.03179383277893
10,32.121960401535034
10,27.278271913528442
10,28.528428554534912
10,27.17988395690918
10,54.06169033050537
10,28.2843017578125
10,25.450933933258057
10,30.648292541503906
10,26.96066188812256
10,52.01234197616577
10,28.7126886844635
10,31.059024333953857
10,26.6276216506958
10,26.605104446411133
25,47.35178089141846
25,40.34223794937134
25,70.26253509521484
25,75.18155527114868
25,102.781574010849
25,53.11846852302551
25,38.95630693435669
25,74.90955686569214
25,71.31199359893799
25,40.18698239326477
25,53.2784698009491
25,116.58136439323425
25,101.63462686538696
25,98.51813459396362
25,36.510498046875
25,35.26268458366394
25,44.764074087142944
25,70.8759560585022
25,70.79434776306152
25,47.289072036743164
25,101.17180824279785
25,80.24202489852905
25,52.02600836753845
25,63.33487844467163
25,74.33180356025696
25,42.982969522476196
25,50.04565691947937
25,89.19454741477966
25,72.52851963043213
25,122.5479085445404
25,52.57052421569824
25,34.6319522857666
25,44.991209745407104
25,37.9250750541687
25,119.89261031150818
25,45.279592752456665
25,40.3168408870697
25,36.082350969314575
25,117.97626852989197
25,69.02294039726257
25,40.162769079208374
25,53.34576463699341
25,112.19704914093018
25,90.75778698921204
25,71.53593802452087
25,52.200660943984985
25,52.17280340194702
25,57.41418814659119
25,61.51707124710083
25,79.86499238014221
25,45.160274505615234
25,41.7606782913208
25,71.12166619300842
25,70.30215787887573
25,52.89588022232056
25,50.365153789520264
25,86.05489587783813
25,68.09635019302368
25,54.22603893280029
25,39.01926636695862
25,37.751914978027344
25,47.557236194610596
25,36.185911893844604
25,75.9998230934143
25,82.46038770675659
25,72.37924003601074
25,68.08121132850647
25,52.611955404281616
25,52.23272371292114
25,52.40587258338928
25,48.85923433303833
25,75.90026879310608
25,41.743226528167725
25,70.1670868396759
25,73.64235782623291
25,73.289133310318
25,45.80655312538147
25,37.43234133720398
25,41.93957853317261
25,41.85323452949524
25,52.625
25,151.9780740737915
25,53.68829393386841
25,41.78903651237488
25,72.13600897789001
25,138.23034954071045
25,121.1696605682373
25,39.63121247291565
25,158.01201105117798
25,70.97078847885132
25,70.27238368988037
25,34.951194524765015
25,70.45223879814148
25,47.42613673210144
25,130.595609664917
25,53.44746494293213
25,71.06041431427002
25,131.98501324653625
25,49.03394675254822
25,152.75109601020813
25,36.651838064193726
25,51.09308981895447
25,34.80891180038452
25,41.525399923324585
25,46.02883434295654
25,43.02498769760132
25,70.50730967521667
25,92.0871148109436
25,130.69246006011963
25,104.51581740379333
25,76.45825529098511
25,38.21656656265259
25,50.45272469520569
25,39.768752098083496
25,45.35561680793762
25,68.70059323310852
25,128.1023313999176
25,119.24748110771179
25,73.60474896430969
25,42.863911151885986
25,50.11907505989075
25,104.29462671279907
25,66.68354392051697
25,68.72092795372009
25,55.28199887275696
25,42.02422523498535
25,67.16475510597229
25,50.6872878074646
25,54.68741822242737
25,107.28263902664185
25,54.107086420059204
25,66.16358995437622
25,49.23818564414978
25,51.3928587436676
25,39.10776710510254
25,47.585920333862305
25,53.583096742630005
25,43.111785650253296
25,40.088072299957275
25,66.57867360115051
25,98.45532751083374
25,68.52154850959778
25,35.23152303695679
25,34.7322735786438
25,71.9780662059784
25,66.2185447216034
25,41.079578161239624
25,45.36497187614441
25,68.57520771026611
25,72.4297251701355
25,73.38270258903503
25,37.902769327163696
25,75.15077805519104
25,52.39597296714783
25,39.86539006233215
25,177.1424126625061
25,70.50372743606567
25,57.844385862350464
25,42.95805811882019
25,41.36500835418701
25,35.06703543663025
25,71.14663076400757
25,45.16250419616699
25,48.48981213569641
25,132.2054259777069
25,48.27253174781799
25,116.14694571495056
25,42.71110701560974
25,72.75831604003906
25,69.78986978530884
25,71.32131147384644
25,79.00762987136841
25,108.9279236793518
25,53.268556356430054
25,72.91037821769714
25,67.84792113304138
25,45.430659770965576
25,70.92364072799683
25,48.32521867752075
25,102.62101745605469
25,141.62717175483704
25,40.22743463516235
25,69.81637001037598
25,57.19502663612366
25,119.3068118095398
25,50.77017116546631
25,114.5726580619812
25,36.08925938606262
25,51.92338728904724
25,55.52349591255188
25,41.24880266189575
25,40.41391372680664
25,139.86455607414246
25,70.74330019950867
25,74.94597744941711
25,52.263694763183594
25,71.35664176940918
25,70.34880995750427
25,37.9990508556366
25,58.2410831451416
25,133.16890263557434
25,40.128034591674805
25,45.95204305648804
25,55.97485113143921
25,74.06878423690796
25,55.27805161476135
25,63.25298500061035
25,35.294487953186035
25,74.46156191825867
25,48.612470865249634
25,95.40055060386658
25,42.0997154712677
25,38.416696548461914
25,43.74002718925476
25,87.30675649642944
25,95.8702118396759
25,37.68569564819336
25,72.84625244140625
25,172.13937544822693
25,128.50335597991943
25,76.92367172241211
25,123.20087718963623
25,53.25938272476196
25,150.47628092765808
25,129.07129049301147
25,50.308205366134644
25,53.04478669166565
25,56.160308599472046
25,74.7461805343628
25,74.02602863311768
25,115.83367013931274
25,126.2905056476593
25,40.85909175872803
25,35.835559368133545
25,128.11811900138855
25,67.76928448677063
25,46.34925055503845
25,147.1767234802246
25,35.66269779205322
25,43.332828760147095
25,74.96813225746155
25,45.343000411987305
25,58.69774150848389
25,556.7197599411011
25,50.826828956604004
25,73.3193724155426
25,38.55826210975647
25,153.92757868766785
25,53.84673619270325
25,81.3121485710144
50,42.30765676498413
50,130.7413947582245
50,81.20471501350403
50,36.969680070877075
50,193.0114562511444
50,53.515979051589966
50,185.7931318283081
50,206.80713486671448
50,57.22369456291199
50,52.51528072357178
50,39.69946217536926
50,104.77277636528015
50,93.03720259666443
50,60.41601204872131
50,196.1246256828308
50,43.46339964866638
50,45.138885259628296
50,51.04859185218811
50,36.785377979278564
50,83.19215965270996
50,100.39534950256348
50,130.34162521362305
50,122.01531457901001
50,204.75466346740723
50,82.73866605758667
50,82.43395328521729
50,96.66179490089417
50,48.35866641998291
50,127.83955454826355
50,117.1589777469635
50,189.53036189079285
50,60.388911962509155
50,78.38005781173706
50,52.071269035339355
50,129.76035332679749
50,115.67432832717896
50,127.66641926765442
50,46.410171031951904
50,89.75927448272705
50,153.09334135055542
50,125.75485610961914
50,122.76601338386536
50,74.74482989311218
50,94.25421166419983
50,86.71104288101196
50,118.8377468585968
50,134.0810103416443
50,128.94027614593506
50,130.52981400489807
50,145.3761477470398
50,46.89962315559387
50,35.42251491546631
50,91.58783149719238
50,86.48099398612976
50,37.4229793548584
50,137.29636764526367
50,239.93069696426392
50,134.00364995002747
50,230.29123187065125
50,166.5662362575531
50,130.86442923545837
50,76.99279403686523
50,42.131014347076416
50,52.288259744644165
50,127.3490560054779
50,47.85093379020691
50,128.6284658908844
50,82.0279610157013
50,71.43445467948914
50,87.88205909729004
50,95.05580425262451
50,160.20150351524353
50,36.9883029460907
50,141.4531810283661
50,236.5398941040039
50,227.0980806350708
50,159.06534886360168
50,126.15031051635742
50,233.3925085067749
50,230.76877546310425
50,117.78741312026978
50,228.0420424938202
50,105.36334896087646
50,233.1057243347168
50,55.917566776275635
50,237.03769159317017
50,130.98721027374268
50,89.36494731903076
50,47.63889145851135
50,92.94506192207336
50,102.06878972053528
50,44.47697472572327
50,39.5271954536438
50,113.80015182495117
50,146.64258980751038
50,144.2890648841858
50,147.35640025138855
50,77.88134241104126
50,124.59203958511353
50,137.93589544296265
50,97.50934314727783
50,41.14720296859741
50,50.98488712310791
50,218.76495146751404
50,113.70916295051575
50,46.083205223083496
50,100.47217440605164
50,92.84066224098206
50,60.009687423706055
50,79.39224123954773
50,83.17425060272217
50,101.03617668151855
50,89.40478086471558
50,79.02778196334839
50,76.9136004447937
50,52.82484436035156
50,58.92440629005432
50,40.82888388633728
50,159.80763983726501
50,75.96679544448853
50,243.7623312473297
50,224.0422716140747
50,86.20436477661133
50,36.26342010498047
50,135.08165621757507
50,129.0043487548828
50,220.0773310661316
50,213.30941128730774
50,58.02630281448364
50,218.1998269557953
50,54.15378761291504
50,56.167980909347534
50,221.83004331588745
50,38.736390829086304
50,215.11012649536133
50,130.35444402694702
50,87.9736156463623
50,139.06664419174194
50,134.3350019454956
50,124.22414827346802
50,214.56415152549744
50,140.21774053573608
50,156.5505075454712
50,120.0158588886261
50,136.24841570854187
50,151.23731088638306
50,132.31202816963196
50,118.89495491981506
50,103.93966293334961
50,134.6202244758606
50,98.61416578292847
50,41.46318316459656
50,78.51925706863403
50,38.471235036849976
50,114.84044933319092
50,57.295981884002686
50,119.53364419937134
50,202.59020829200745
50,189.86923146247864
50,38.828328371047974
50,89.2030680179596
50,85.32148885726929
50,95.80934500694275
50,188.09457659721375
50,41.30311369895935
50,80.63135981559753
50,74.77129030227661
50,51.63250494003296
50,82.05459308624268
50,81.78105354309082
50,36.33222007751465
50,117.32452511787415
50,60.3018684387207
50,188.57486248016357
50,92.57980751991272
50,99.71403980255127
50,124.98622226715088
50,81.98071646690369
50,90.82706785202026
50,122.6840271949768
50,49.165318965911865
50,128.3704595565796
50,49.515892028808594
50,187.93883776664734
50,57.73405575752258
50,200.54476165771484
50,130.5703902244568
50,55.310606479644775
50,161.89877605438232
50,126.83929252624512
50,129.83651781082153
50,45.52313828468323
50,150.688951253891
50,130.39909553527832
50,129.70228791236877
50,130.8379340171814
50,210.1955361366272
50,186.67835640907288
50,201.79221963882446
50,123.2928478717804
50,77.33687090873718
50,38.783007860183716
50,77.30436897277832
50,57.28066372871399
50,228.20728731155396
50,87.00982928276062
50,128.43737840652466
50,45.23102331161499
50,135.58481907844543
50,35.779106855392456
50,52.610026597976685
50,89.99350094795227
50,38.09462809562683
50,98.80346775054932
50,49.03929352760315
50,37.875982999801636
50,225.94753789901733
50,88.13242077827454
50,112.6193699836731
50,59.848297357559204
50,223.47123646736145
50,222.30851554870605
50,222.8216028213501
50,134.2309923171997
50,37.597710371017456
50,161.96655988693237
50,241.19567370414734
50,101.1372241973877
50,225.80939745903015
50,229.01045536994934
50,44.80344104766846
50,80.13810968399048
50,228.38653421401978
50,75.01344919204712
50,136.22293376922607
50,131.92471885681152
50,121.59350848197937
50,236.13023161888123
50,53.6792688369751
50,239.91781640052795
50,92.17136359214783
50,130.50943064689636
50,138.1174020767212
50,119.86857795715332
50,117.24433398246765
50,145.29661655426025
50,117.19938278198242
50,162.35636138916016
50,172.01587963104248
50,237.82055568695068
50,103.14324140548706
50,58.68133473396301
50,82.43881797790527
50,37.77850317955017
50,54.0704231262207
50,47.430497884750366
50,125.37320518493652
50,83.81143593788147
50,167.50701546669006
50,39.57585072517395
50,53.9286470413208
50,162.9730224609375
50,35.90827775001526
50,44.02472448348999
50,75.3372733592987
50,129.79968905448914
50,91.7417962551117
50,78.43570065498352
50,48.81016492843628
50,95.07822704315186
50,126.75974249839783
50,127.71343922615051
50,80.30886721611023
50,143.49982953071594
50,86.90032696723938
50,39.300360441207886
50,120.42077660560608
50,98.67530727386475
50,123.30698037147522
50,59.20529055595398
50,132.31451725959778
50,122.58402156829834
50,155.35321021080017
50,53.5047447681427
50,174.1447253227234
50,89.73778510093689
50,93.00010991096497
50,42.35839629173279
50,116.02017116546631
50,51.45707178115845
50,124.59002590179443
50,100.45271849632263
50,125.75248289108276
50,76.55672883987427
50,95.22491216659546
50,124.39580011367798
50,129.74870896339417
50,185.27465415000916
50,126.18832468986511
50,118.28425240516663
50,78.08623433113098
50,81.56788039207458
50,49.69701790809631
50,204.0746853351593
50,84.87320709228516
50,55.69759798049927
50,37.96018886566162
50,112.72184777259827
50,44.46907091140747
50,63.089736223220825
50,126.53679037094116
50,73.85569334030151
50,39.73285102844238
50,76.3189845085144
50,100.7597587108612
50,95.9074935913086
50,33.73264670372009
50,125.10621428489685
50,89.16198086738586
50,231.46319103240967
50,53.397135972976685
50,138.02686882019043
50,85.57626152038574
50,192.80440139770508
50,85.7090573310852
50,50.96484732627869
50,124.98168420791626
50,41.04341983795166
50,124.83326840400696
50,58.58153700828552
50,134.70323538780212
50,42.631131172180176
50,56.8731107711792
50,122.39228916168213
50,117.6855628490448
50,47.635807275772095
50,45.90416955947876
50,122.05482959747314
50,35.858073472976685
50,80.59301161766052
50,120.21050190925598
50,118.80959963798523
50,146.19897150993347
50,201.18195295333862
50,140.55227613449097
50,192.48984837532043
50,90.80459451675415
50,130.84057807922363
50,115.06129026412964
50,97.86260223388672
50,123.40652966499329
50,127.85489416122437
50,43.819416999816895
50,212.00431537628174
50,90.92624807357788
50,58.70710778236389
50,39.60251569747925
50,88.23611807823181
50,83.18138194084167
50,201.75796818733215
50,41.30157947540283
50,56.717833042144775
50,218.0571312904358
50,103.01516604423523
50,53.28303050994873
50,78.02630829811096
50,208.2366759777069
50,37.888442277908325
50,74.08148074150085
50,131.99429488182068
50,39.827152252197266
50,60.81829237937927
50,85.29828357696533
50,85.91651391983032
50,48.40755105018616
50,123.80954909324646
50,130.405859708786
50,154.87239003181458
50,196.99559259414673
50,215.16409826278687
50,80.85627341270447
50,93.47657656669617
50,35.34027457237244
50,79.12312960624695
50,91.74254322052002
50,88.11221075057983
50,52.941654443740845
50,129.07648968696594
50,131.60621690750122
50,46.32634115219116
50,100.92481660842896
50,115.37236714363098
50,130.3088300228119
50,131.2806842327118
50,118.65454363822937
50,138.34264492988586
50,131.11168432235718
50,123.23040080070496
50,215.77672576904297
50,151.1941854953766
50,77.7893009185791
50,35.05311727523804
50,133.17672038078308
50,60.52944016456604
50,79.45845937728882
50,54.48723244667053
50,50.20790457725525
50,90.35332870483398
50,99.49006247520447
50,37.79945945739746
50,127.61843085289001
50,117.58272337913513
50,53.85536289215088
50,43.46743154525757
50,105.86573314666748
50,40.36965298652649
50,190.5082790851593
50,123.2872371673584
50,45.08473181724548
50,129.55694580078125
50,191.81467294692993
50,83.21724724769592
50,57.376330614089966
50,125.93379044532776
50,59.489436626434326
50,48.00601053237915
50,97.57854294776917
50,90.81165099143982
50,85.00918078422546
50,123.86430501937866
50,93.58379602432251
50,195.58646297454834
50,40.66601777076721
50,87.2495346069336
50,128.6061029434204
50,78.97730994224548
50,146.32428336143494
50,194.50712704658508
50,123.36013793945312
50,46.22531247138977
50,133.70632600784302
50,125.93341755867004
50,193.80270504951477
50,37.26024675369263
50,73.63700366020203
50,115.37910556793213
50,148.432270526886
50,120.61914825439453
50,127.17299723625183
50,129.19105982780457
50,259.2652962207794
50,93.80981874465942
50,250.7042293548584
50,88.6795392036438
50,91.32174181938171
50,97.12460780143738
50,132.4279079437256
50,35.73109197616577
50,249.50833201408386
50,49.07798409461975
50,94.3494393825531
50,75.65135407447815
50,54.235381841659546
50,59.39169216156006
50,45.403695583343506
50,125.1497859954834
50,266.67847633361816
50,260.1263380050659
50,75.00978374481201
50,263.4989318847656
50,38.601131439208984
50,135.88889622688293
50,138.75427293777466
50,57.058269739151
50,128.9733431339264
50,39.57452321052551
50,151.73175287246704
50,79.51310205459595
50,130.90627765655518
50,35.323482513427734
50,44.15909695625305
50,86.23270964622498
50,253.59980940818787
50,272.2209177017212
50,122.10521101951599
50,146.98296737670898
50,41.337217807769775
50,164.0517122745514
50,63.855563163757324
50,123.62881827354431
50,132.9354739189148
50,257.85398840904236
50,82.98851180076599
50,269.54118514060974
50,140.12107634544373
50,47.18243455886841
50,120.15468239784241
50,119.5026023387909
50,250.04997158050537
50,265.5681290626526
75,50.96683406829834
75,44.955286502838135
75,58.9464910030365
75,36.088133096694946
75,216.1271378993988
75,403.99831438064575
75,271.0617344379425
75,76.5050368309021
75,412.2592134475708
75,387.6863944530487
75,36.055567026138306
75,410.60691833496094
75,131.57423377037048
75,56.878318786621094
75,294.60291385650635
75,88.69628834724426
75,93.76146745681763
75,40.37219738960266
75,86.80454206466675
75,35.81646656990051
75,245.28535151481628
75,98.58190155029297
75,397.5817222595215
75,93.63378357887268
75,408.53152656555176
75,44.020572662353516
75,101.1620728969574
75,78.14754343032837
75,52.692681550979614
75,82.39897036552429
75,84.308833360672
75,42.317407846450806
75,108.58519172668457
75,54.45369267463684
75,397.53479623794556
75,380.8686499595642
75,79.79996848106384
75,108.00860476493835
75,93.35658574104309
75,119.44607734680176
75,134.21495652198792
75,231.19595551490784
75,168.71465635299683
75,122.04578685760498
75,390.8715486526489
75,139.82404351234436
75,245.6920256614685
75,403.21490812301636
75,190.3173279762268
75,185.3655548095703
75,117.44680881500244
75,235.99573707580566
75,176.6805534362793
75,65.70244312286377
75,214.1131534576416
75,121.37689995765686
75,390.00458884239197
75,252.25789642333984
75,126.9451196193695
75,145.95981240272522
75,404.70134949684143
75,161.61028265953064
75,195.76665878295898
75,188.35522770881653
75,164.99607610702515
75,391.9142200946808
75,225.04331469535828
75,407.4229836463928
75,172.52712225914001
75,142.86077332496643
75,167.14195728302002
75,402.89111709594727
75,412.59918236732483
75,238.1561460494995
75,150.24174642562866
75,62.381903409957886
75,176.63058710098267
75,223.56004071235657
75,56.067530155181885
75,42.323190450668335
75,85.26170635223389
75,88.70840072631836
75,91.66570019721985
75,191.8332076072693
75,308.53009033203125
75,302.553861618042
75,75.49942302703857
75,80.47252798080444
75,37.233895778656006
75,51.45627045631409
75,57.67007660865784
75,282.68732619285583
75,38.989652156829834
75,48.30839538574219
75,79.85474038124084
75,53.601317167282104
75,59.76819133758545
75,297.78799390792847
75,103.08470153808594
75,48.19375538825989
75,125.55231976509094
75,35.41802740097046
75,46.29986786842346
75,87.55973172187805
75,38.76476049423218
75,94.4532687664032
75,116.57568573951721
75,43.27416181564331
75,124.73058152198792
75,309.8249442577362
75,220.72282600402832
75,231.59378004074097
75,310.3489656448364
75,222.91747665405273
75,153.2377495765686
75,44.83258104324341
75,138.81540369987488
75,92.5415358543396
75,123.10419631004333
75,86.42045974731445
75,163.10084319114685
75,129.8716778755188
75,205.3496835231781
75,140.65888905525208
75,117.9865231513977
75,159.99120926856995
75,112.7701268196106
75,194.7608995437622
75,120.53054594993591
75,167.92749857902527
75,306.9319326877594
75,162.89590287208557
75,229.3535988330841
75,135.07378697395325
75,132.6511836051941
75,175.55026698112488
75,143.46047258377075
75,215.87953686714172
75,162.45156145095825
75,292.1500177383423
75,211.17985844612122
75,136.0806005001068
75,180.83536863327026
75,178.28168654441833
75,224.22561597824097
75,188.49432611465454
75,315.197402715683
75,177.1415193080902
75,166.22917366027832
75,222.60695934295654
75,100.55011296272278
75,337.3907563686371
75,337.04043984413147
75,351.2298004627228
75,77.62817811965942
75,55.45052742958069
75,51.654175758361816
75,59.974557399749756
75,40.16759371757507
75,59.93423771858215
75,36.73815035820007
75,93.17453908920288
75,102.43770384788513
75,242.3845694065094
75,365.8513216972351
75,39.754903078079224
75,57.247554302215576
75,78.59303832054138
75,48.823416233062744
75,342.6054241657257
75,91.11778664588928
75,96.0663697719574
75,253.99329471588135
75,40.45820450782776
75,122.99054861068726
75,46.939297676086426
75,53.02652382850647
75,82.6920120716095
75,211.98128747940063
75,144.8446593284607
75,81.52083802223206
75,80.0765368938446
75,317.28410625457764
75,360.0079355239868
75,37.76776885986328
75,130.74101448059082
75,120.92181611061096
75,86.37084150314331
75,186.4247167110443
75,133.2875952720642
75,162.17836451530457
75,244.30070328712463
75,74.26277256011963
75,160.48302912712097
75,44.63327884674072
75,124.35422229766846
75,93.26956701278687
75,46.52369976043701
75,370.7731122970581
75,172.2693657875061
75,118.94386625289917
75,175.65275406837463
75,233.21364164352417
75,135.96886372566223
75,372.2323725223541
75,373.40118503570557
75,177.91606521606445
75,128.20889115333557
75,153.06830477714539
75,116.17167067527771
75,344.0047643184662
75,173.76401233673096
75,170.33557653427124
75,187.39548563957214
75,132.80200219154358
75,179.23632669448853
75,165.18254137039185
75,182.53059339523315
75,217.14208960533142
75,238.79908728599548
75,329.86119985580444
75,372.85252022743225
75,139.72368025779724
75,158.3834412097931
75,363.79933285713196
75,342.5856513977051
75,141.97506618499756
75,342.91777086257935
75,94.26774787902832
75,47.84238123893738
75,90.4329297542572
75,76.67912912368774
75,230.86314821243286
75,81.7886471748352
75,116.28603839874268
75,192.7628927230835
75,224.27482199668884
75,51.30014967918396
75,39.25735878944397
75,38.73225021362305
75,88.47660183906555
75,184.2580966949463
75,49.504082679748535
75,101.32618284225464
75,70.96774172782898
75,309.3336703777313
75,43.82677721977234
75,83.2801263332367
75,136.37459230422974
75,78.02148199081421
75,354.3496780395508
75,79.67336630821228
75,180.74086475372314
75,112.87558102607727
75,34.68497943878174
75,352.5192217826843
75,215.1786470413208
75,208.80966877937317
75,123.06855154037476
75,36.60367155075073
75,132.03664922714233
75,337.3972280025482
75,45.41528677940369
75,98.17622566223145
75,347.8799784183502
75,53.643064975738525
75,41.83595585823059
75,57.17866134643555
75,96.52487874031067
75,253.92023468017578
75,146.71694254875183
75,337.78436398506165
75,347.0543706417084
75,85.44873666763306
75,139.38337230682373
75,341.9406740665436
75,186.71691298484802
75,130.0129051208496
75,156.96416211128235
75,94.84289026260376
75,258.88725900650024
75,121.0914945602417
75,214.6471061706543
75,178.20179843902588
75,166.84475541114807
75,134.47299480438232
75,226.52344250679016
75,267.71143102645874
75,342.56847405433655
75,158.46337127685547
75,341.41554832458496
75,164.9316680431366
75,176.386314868927
75,212.5624234676361
75,168.8688018321991
75,174.35789728164673
75,137.80957865715027
75,252.5420262813568
75,258.55771589279175
75,143.91679859161377
75,46.141783475875854
75,42.95302176475525
75,38.94904661178589
75,56.93265414237976
75,37.85693645477295
75,104.559002161026
75,317.8128652572632
75,54.59267473220825
75,50.593684673309326
75,76.45381832122803
75,79.80083131790161
75,78.0678346157074
75,90.96216154098511
75,342.66008830070496
75,186.67597460746765
75,165.83129811286926
75,44.26949906349182
75,60.56434726715088
75,52.659202337265015
75,61.97392725944519
75,97.18434858322144
75,46.11418271064758
75,46.84361529350281
75,308.855947971344
75,87.02731609344482
75,129.99278211593628
75,142.21502923965454
75,85.5551917552948
75,82.16713404655457
75,35.75130248069763
75,98.8357138633728
75,95.37670826911926
75,130.70126819610596
75,202.99445366859436
75,127.13486790657043
75,179.84859418869019
75,159.64626550674438
75,100.44453120231628
75,338.40320563316345
75,91.5309681892395
75,80.31165885925293
75,233.60154461860657
75,193.38299226760864
75,83.62318754196167
75,143.43763303756714
75,319.3448643684387
75,360.1163263320923
75,177.4147219657898
75,213.00793051719666
75,313.97247648239136
75,55.9721245765686
75,118.0850555896759
75,122.57792019844055
75,139.9659068584442
75,333.7103021144867
75,333.65012073516846
75,348.5726840496063
75,340.9200427532196
75,133.34691452980042
75,222.6932327747345
75,162.9015290737152
75,228.88299036026
75,145.80429196357727
75,157.55633664131165
75,224.96996212005615
75,199.13183307647705
75,134.09375548362732
75,127.67402672767639
75,351.3393340110779
75,360.48210310935974
75,210.68532156944275
75,223.87651252746582
75,347.7844421863556
75,174.22073674201965
75,160.98703837394714
75,59.66570806503296
75,41.612627029418945
75,57.85950970649719
75,90.35906147956848
75,82.53728151321411
75,62.28700613975525
75,375.3592529296875
75,75.43947672843933
75,218.4372787475586
75,47.46169137954712
75,83.87962865829468
75,48.532991886138916
75,99.19095635414124
75,48.31916332244873
75,43.181660175323486
75,362.2005681991577
75,79.17983555793762
75,186.21331810951233
75,362.0812199115753
75,104.24204230308533
75,83.33367204666138
75,363.3063464164734
75,165.23868536949158
75,35.5416898727417
75,116.93490362167358
75,44.71540641784668
75,37.293137073516846
75,77.29719662666321
75,221.95838689804077
75,181.7798523902893
75,119.7448205947876
75,123.0154824256897
75,79.36573147773743
75,375.97812390327454
75,366.7168788909912
75,198.96526098251343
75,378.4819424152374
75,192.472971200943
75,178.2201497554779
75,140.07747268676758
75,355.23672914505005
75,188.71272683143616
75,366.2220559120178
75,183.37404322624207
75,103.29250359535217
75,255.71396923065186
75,270.2069206237793
75,42.575082540512085
75,372.63180351257324
75,346.91521644592285
75,118.46125936508179
75,211.7791714668274
75,259.13556957244873
75,127.65290474891663
75,52.79444336891174
75,93.0261378288269
75,370.0701427459717
75,145.32376956939697
75,120.81894063949585
75,149.02600359916687
75,371.4449553489685
75,127.52802586555481
75,241.9471254348755
75,237.57289242744446
75,141.28317999839783
75,135.80913090705872
75,137.2202010154724
75,371.58538150787354
75,167.6902585029602
75,152.4242458343506
75,205.79788422584534
75,163.27427411079407
75,215.20443272590637
75,241.81366729736328
75,179.56819820404053
75,237.08905673027039
75,87.07005906105042
75,37.59305119514465
75,39.96215009689331
75,39.08155274391174
75,81.07496428489685
75,230.59312081336975
75,52.444722175598145
75,98.7030987739563
75,48.39928364753723
75,50.841596603393555
75,47.499748945236206
75,42.73915243148804
75,113.81501340866089
75,132.46106219291687
75,43.57428193092346
75,84.67364859580994
75,35.23579001426697
75,186.74711418151855
75,86.74205565452576
75,95.16691613197327
75,56.31719636917114
75,89.39007115364075
75,102.41112446784973
75,98.40162205696106
75,45.433921813964844
75,94.18917536735535
75,91.2418429851532
75,116.73115491867065
75,242.9840497970581
75,163.21775341033936
75,130.44226217269897
75,135.56027746200562
75,178.4015290737152
75,184.2333996295929
75,62.1760778427124
75,78.78546166419983
75,236.45913004875183
75,57.81295657157898
75,168.0410497188568
75,76.25329923629761
75,92.67899465560913
75,198.1129207611084
75,165.9862687587738
75,278.104043006897
75,74.00949692726135
75,174.10412096977234
75,136.89299178123474
75,127.79920768737793
75,204.86499190330505
75,58.07477426528931
75,120.94323110580444
75,163.24356770515442
75,127.74875164031982
75,179.44786047935486
75,119.21998953819275
75,193.70096611976624
75,257.0142676830292
75,139.8830087184906
75,270.10143780708313
75,125.27279663085938
75,169.40367603302002
75,206.43767428398132
75,224.23925852775574
75,122.31172275543213
75,153.29973459243774
75,146.71683955192566
75,197.10490798950195
75,204.51669096946716
75,158.6239402294159
75,161.3158519268036
75,151.20500373840332
75,255.22066235542297
75,210.65970921516418
75,275.76685523986816
75,87.30858564376831
75,51.70268964767456
75,56.73667073249817
75,37.358975648880005
75,49.704012393951416
75,39.06373739242554
75,78.220046043396
75,328.77630496025085
75,92.144460439682
75,81.50226330757141
75,85.46843385696411
75,47.685063123703
75,72.64375448226929
75,82.00172066688538
75,80.83696961402893
75,79.80568790435791
75,335.3233654499054
75,56.942705154418945
75,340.539169549942
75,166.5070834159851
75,40.44256520271301
75,47.074941873550415
75,101.94562268257141
75,312.3568081855774
75,96.12477660179138
75,309.5947902202606
75,217.48740196228027
75,46.881728410720825
75,86.77933120727539
75,172.03889894485474
75,117.67276310920715
75,43.546632051467896
75,45.28482174873352
75,41.89473509788513
75,116.20238900184631
75,34.07243633270264
75,327.13705134391785
75,180.15370965003967
75,180.12579035758972
75,130.6492121219635
75,89.35249638557434
75,122.51999044418335
75,337.87738060951233
75,106.14645099639893
75,166.2912242412567
75,120.3311276435852
75,130.50931572914124
75,93.47094893455505
75,127.06147933006287
75,211.96556782722473
75,157.7628996372223
75,250.22568702697754
75,338.42318415641785
75,316.02622056007385
75,194.26640152931213
75,176.04060435295105
75,164.38003134727478
75,123.83404016494751
75,246.84680032730103
75,239.5269479751587
75,341.23857498168945
75,155.70480060577393
75,173.70828366279602
75,187.35041642189026
75,152.25455284118652
75,135.82222247123718
75,128.25293636322021
75,323.7233679294586
75,143.36862444877625
75,168.27860379219055
75,335.48705220222473
75,182.60486960411072
75,209.6481626033783
75,249.8922472000122
75,334.9820086956024
75,37.777305603027344
75,267.34662532806396
75,51.87277817726135
75,65.51179814338684
75,77.65362215042114
75,53.36421227455139
75,51.04755187034607
75,42.872705936431885
75,101.72266554832458
75,331.2433865070343
75,84.81053423881531
75,47.73003053665161
75,118.31840419769287
75,172.4402642250061
75,53.5467414855957
75,92.70909214019775
75,86.37216353416443
75,87.01225233078003
75,75.78701782226562
75,94.17278575897217
75,363.15728783607483
75,199.75845766067505
75,88.9334659576416
75,39.51237630844116
75,82.90352487564087
75,125.54598641395569
75,338.42857003211975
75,39.49344301223755
75,107.38479709625244
75,248.43450713157654
75,48.250816822052
75,76.86606049537659
75,329.90536618232727
75,98.45300841331482
75,80.68813753128052
75,356.11885809898376
75,170.1639575958252
75,266.73733830451965
75,164.85758471488953
75,266.2407190799713
75,35.97952961921692
75,361.77181243896484
75,343.36259961128235
75,119.74529528617859
75,362.0866551399231
75,161.92419052124023
75,366.54621720314026
75,152.59349822998047
75,250.00709772109985
75,140.6823034286499
75,369.0894169807434
75,42.15590810775757
75,186.0093297958374
75,126.92481064796448
75,115.7560703754425
75,122.47653412818909
75,199.12225699424744
75,131.50810956954956
75,351.2506060600281
75,127.9536521434784
75,131.7610969543457
75,146.35827469825745
75,346.3064727783203
75,364.61325240135193
75,178.60078048706055
75,136.65226793289185
75,167.70789432525635
75,201.0537142753601
75,176.92683362960815
75,174.5286419391632
75,159.49102330207825
75,188.71366429328918
75,217.79942774772644
75,228.26062870025635
75,219.67889642715454
75,399.0725200176239
75,98.8642737865448
75,60.65771508216858
75,394.34792733192444
75,359.58624601364136
75,149.61871719360352
75,43.12197160720825
75,202.6810760498047
75,101.59554028511047
75,224.16849851608276
75,42.55563998222351
75,393.6663885116577
75,179.03169918060303
75,35.877315044403076
75,272.7910969257355
75,136.14432454109192
75,93.68265795707703
75,93.76444554328918
75,57.83355355262756
75,90.02822256088257
75,228.62288522720337
75,407.7999985218048
75,195.6337354183197
75,85.72315049171448
75,87.69268131256104
75,183.8595950603485
75,84.79266571998596
75,407.92646622657776
75,190.88565731048584
75,398.3323805332184
75,79.01711678504944
75,367.4986801147461
75,355.30879163742065
75,124.6130428314209
75,37.76567077636719
75,81.23514914512634
75,103.06898021697998
75,37.211652994155884
75,90.89115691184998
75,379.0486762523651
75,399.51228618621826
75,378.67049407958984
75,77.01329350471497
75,170.50609374046326
75,177.07924056053162
75,133.28683710098267
75,398.28303599357605
75,206.37618255615234
75,142.70657753944397
75,74.73454904556274
75,175.96897864341736
75,91.74910116195679
75,131.46323323249817
75,127.0520429611206
75,407.6150755882263
75,196.5393464565277
75,130.36694884300232
75,135.0841760635376
75,53.00985646247864
75,152.36666893959045
75,206.76524233818054
75,196.42037844657898
75,128.79611372947693
75,386.1875786781311
75,141.80556440353394
75,172.27259349822998
75,137.67312788963318
75,132.78133630752563
75,247.15218257904053
75,263.3628134727478
75,139.09577989578247
75,274.13610792160034
75,407.5845057964325
75,229.23612689971924
75,257.4944155216217
100,292.07082986831665
100,93.45885372161865
100,99.06334352493286
100,118.75634670257568
100,45.70702075958252
100,136.4638798236847
100,56.88884663581848
100,60.87269330024719
100,54.91434669494629
100,105.7117292881012
100,42.58079695701599
100,48.73855900764465
100,49.597962617874146
100,57.820305824279785
100,85.38097333908081
100,88.8309235572815
100,87.27887415885925
100,438.29257440567017
100,422.72584772109985
100,95.68881297111511
100,80.88871145248413
100,53.596290588378906
100,121.16005253791809
100,427.7328419685364
100,36.89768385887146
100,79.64218020439148
100,98.53914785385132
100,40.63533091545105
100,60.58401584625244
100,38.566279888153076
100,120.3437807559967
100,46.6705801486969
100,458.62037920951843
100,83.18990063667297
100,128.13415670394897
100,79.44624996185303
100,77.55305361747742
100,180.33482718467712
100,409.64961290359497
100,362.8955979347229
100,134.38948941230774
100,128.1104817390442
100,124.94299626350403
100,132.10325145721436
100,147.76865005493164
100,451.3922152519226
100,125.17557072639465
100,137.68878746032715
100,145.45006370544434
100,398.82383370399475
100,259.9645245075226
100,131.46890330314636
100,302.8647940158844
100,160.6114683151245
100,292.11407470703125
100,183.12257027626038
100,228.11459922790527
100,178.6044261455536
100,129.64481401443481
100,144.18261528015137
100,176.31406664848328
100,255.66812252998352
100,263.58319997787476
100,160.42350149154663
100,230.56845784187317
100,232.30350947380066
100,174.71551036834717
100,258.64820170402527
100,253.57161211967468
100,278.5499174594879
100,166.53047823905945
100,429.574946641922
100,264.07914113998413
100,237.76593208312988
100,173.2542474269867
100,331.8376793861389
100,171.06258273124695
100,168.33803868293762
100,451.30686354637146
100,225.3448944091797
100,187.5506043434143
100,213.4776213169098
100,180.5664496421814
100,218.42273211479187
100,180.9926187992096
100,448.7492346763611
100,421.1363697052002
100,206.59613585472107
100,337.0401346683502
100,261.0160939693451
100,291.7808520793915
100,210.78714156150818
100,414.4731240272522
100,427.04274559020996
100,219.58654379844666
100,225.6835060119629
100,276.65864610671997
100,220.09210419654846
100,282.34197974205017
100,334.5181987285614
100,94.49728631973267
100,75.36538076400757
100,120.92809414863586
100,39.92270064353943
100,80.2107903957367
100,58.421436071395874
100,114.7356231212616
100,110.98043465614319
100,53.378040075302124
100,89.18883800506592
100,84.3870677947998
100,100.6519410610199
100,68.32647442817688
100,61.60887098312378
100,39.811387062072754
100,49.09223175048828
100,45.48925828933716
100,86.89172840118408
100,349.22107768058777
100,298.4250440597534
100,331.36658096313477
100,117.64628100395203
100,35.880433797836304
100,136.40371704101562
100,98.6893162727356
100,90.6509952545166
100,90.6388795375824
100,78.14748167991638
100,137.6519603729248
100,37.71792554855347
100,121.8093593120575
100,43.328020334243774
100,81.69507622718811
100,131.02032446861267
100,51.629268407821655
100,270.1746256351471
100,342.2141034603119
100,93.52308559417725
100,134.4913363456726
100,95.92937469482422
100,201.54990124702454
100,46.67045617103577
100,40.179574489593506
100,124.95449352264404
100,158.32973504066467
100,141.19568967819214
100,48.612115144729614
100,285.78789830207825
100,128.13796138763428
100,123.1901638507843
100,124.83803653717041
100,253.32569479942322
100,169.22033786773682
100,175.71076822280884
100,132.60397911071777
100,332.20899391174316
100,138.91469192504883
100,167.47583651542664
100,199.43851232528687
100,260.31803584098816
100,163.89252400398254
100,161.47094821929932
100,269.8605809211731
100,159.81505751609802
100,335.3986337184906
100,149.61678791046143
100,210.8226284980774
100,165.45576930046082
100,168.93950724601746
100,183.13446402549744
100,247.58662295341492
100,340.13567566871643
100,266.7730574607849
100,343.8443422317505
100,240.46896767616272
100,176.29913854599
100,208.20580005645752
100,171.57755041122437
100,205.89736700057983
100,297.4916899204254
100,210.56739163398743
100,204.68722200393677
100,200.763365983963
100,181.75007891654968
100,230.71547389030457
100,213.07857632637024
100,237.06065106391907
100,223.92455649375916
100,269.2137484550476
100,219.5668387413025
100,245.03324818611145
100,248.77036809921265
100,247.25682139396667
100,255.98458743095398
100,242.82768321037292
100,216.093567609787
100,248.68057680130005
100,257.31906819343567
100,297.3538553714752
100,303.4590241909027
100,75.13968753814697
100,44.346914291381836
100,41.57842230796814
100,47.721853256225586
100,51.58522176742554
100,95.86664175987244
100,36.40136170387268
100,55.503490686416626
100,58.96371388435364
100,40.05776762962341
100,38.448649883270264
100,471.90925908088684
100,102.88881254196167
100,42.685253620147705
100,85.09077858924866
100,43.71312403678894
100,472.16817593574524
100,456.0018165111542
100,52.86524772644043
100,90.9567015171051
100,60.79938244819641
100,98.91846966743469
100,79.73474717140198
100,78.1296899318695
100,463.36440443992615
100,454.68396377563477
100,169.35392379760742
100,129.99903559684753
100,453.90584778785706
100,108.44987988471985
100,130.03435277938843
100,124.17886185646057
100,475.35524559020996
100,88.81092381477356
100,178.7177653312683
100,466.0916659832001
100,146.62871623039246
100,92.21452975273132
100,470.38643407821655
100,185.32516241073608
100,177.80015468597412
100,63.66293287277222
100,127.70338439941406
100,121.72683048248291
100,278.5402624607086
100,460.68405961990356
100,141.98740887641907
100,83.64445543289185
100,123.85932922363281
100,322.43075370788574
100,410.40517568588257
100,81.6809151172638
100,173.2901737689972
100,139.4136712551117
100,209.27910447120667
100,95.05545902252197
100,444.80147075653076
100,414.46249055862427
100,159.60902762413025
100,203.2024142742157
100,242.91287803649902
100,126.47299718856812
100,136.07537651062012
100,469.79979252815247
100,330.8746814727783
100,254.56156086921692
100,167.74146366119385
100,309.0304231643677
100,283.02507972717285
100,133.88329362869263
100,462.1257915496826
100,149.27421164512634
100,391.01174569129944
100,162.47674536705017
100,173.07353687286377
100,228.73742771148682
100,304.0364181995392
100,246.5325903892517
100,237.60712099075317
100,194.32837748527527
100,455.81048226356506
100,405.09252429008484
100,209.73414516448975
100,280.3034989833832
100,317.5233099460602
100,480.65832328796387
100,222.23374772071838
100,332.04463481903076
100,210.42803025245667
100,357.1473684310913
100,298.1870918273926
100,221.16988587379456
100,299.9590599536896
100,265.22437357902527
100,295.261789560318
100,232.28636264801025
100,379.4306254386902
100,226.64234685897827
100,239.41842913627625
100,292.28953647613525
100,39.863393783569336
100,85.88234758377075
100,104.53009700775146
100,59.9918851852417
100,81.04531002044678
100,55.384018421173096
100,117.83017182350159
100,42.597384214401245
100,100.47538733482361
100,88.93150353431702
100,49.53286075592041
100,388.21152782440186
100,121.81991600990295
100,39.11950922012329
100,360.23495841026306
100,79.47226071357727
100,52.565712690353394
100,91.62016272544861
100,124.87968611717224
100,35.89854121208191
100,184.78327012062073
100,123.17043256759644
100,62.515851974487305
100,53.97611117362976
100,85.4488799571991
100,57.54970359802246
100,37.643314599990845
100,43.80549478530884
100,216.73365926742554
100,82.26694822311401
100,94.05322122573853
100,47.60457444190979
100,162.41417956352234
100,375.3770399093628
100,90.6803388595581
100,45.696526527404785
100,105.72097039222717
100,132.83708310127258
100,242.3239245414734
100,179.17516589164734
100,140.58325362205505
100,127.15910267829895
100,134.6154441833496
100,114.55696368217468
100,137.24680709838867
100,75.06825160980225
100,50.40481972694397
100,383.8341999053955
100,75.0254807472229
100,151.82917714118958
100,159.9099371433258
100,262.76915407180786
100,167.80079698562622
100,175.16210961341858
100,376.590119600296
100,147.08054780960083
100,310.47697043418884
100,130.89694786071777
100,303.9904234409332
100,128.765367269516
100,173.0949046611786
100,308.89121413230896
100,386.38601875305176
100,224.99227118492126
100,145.31504034996033
100,165.3554322719574
100,221.41334509849548
100,158.0931839942932
100,394.7942886352539
100,156.58097505569458
100,232.96583652496338
100,166.22283339500427
100,208.0647304058075
100,201.37862300872803
100,265.79153513908386
100,374.36423087120056
100,208.1623182296753
100,221.23418045043945
100,178.9031069278717
100,239.26147484779358
100,202.87374758720398
100,186.41877603530884
100,195.81111669540405
100,197.3095190525055
100,263.45509672164917
100,203.8818700313568
100,401.1471929550171
100,216.90552949905396
100,227.27369785308838
100,245.8721821308136
100,246.27486944198608
100,236.9876148700714
100,287.78350830078125
100,274.2739803791046
100,396.62394165992737
100,408.3170499801636
100,255.9869887828827
100,408.7824664115906
100,270.20788049697876
100,396.0456244945526
100,61.15210223197937
100,480.14407444000244
100,37.215611696243286
100,93.69941067695618
100,83.14103770256042
100,58.00410866737366
100,41.57301473617554
100,434.3424913883209
100,434.32640314102173
100,55.266353368759155
100,79.00724625587463
100,544.4726617336273
100,106.47977423667908
100,51.445828437805176
100,47.80560231208801
100,89.72287392616272
100,84.90878510475159
100,176.52933764457703
100,460.6653366088867
100,49.84860849380493
100,189.29757952690125
100,499.9479694366455
100,132.0751132965088
100,81.5424873828888
100,141.66825556755066
100,507.2091865539551
100,77.85445427894592
100,459.26128458976746
100,41.00457048416138
100,40.441049098968506
100,125.71336555480957
100,36.792346239089966
100,531.3745718002319
100,302.2130069732666
100,57.469876766204834
100,40.672038078308105
100,37.42944049835205
100,409.54784417152405
100,287.4426953792572
100,96.61969447135925
100,135.54722237586975
100,95.5161783695221
100,167.43844723701477
100,116.99191355705261
100,123.20220232009888
100,473.9499065876007
100,178.72438216209412
100,520.950005531311
100,211.3221001625061
100,121.42658400535583
100,129.79186010360718
100,45.486934423446655
100,532.192526102066
100,118.98728775978088
100,289.5122284889221
100,120.19965767860413
100,221.92079830169678
100,151.04214310646057
100,398.570832490921
100,216.70615792274475
100,340.3992040157318
100,127.71722340583801
100,175.72198629379272
100,169.3591866493225
100,489.10857677459717
100,142.5909731388092
100,307.1371169090271
100,168.64281678199768
100,404.85712695121765
100,212.29097700119019
100,161.3457362651825
100,247.82383942604065
100,537.1052651405334
100,524.712718963623
100,233.9380989074707
100,180.82616186141968
100,238.00996947288513
100,479.23742747306824
100,184.5064389705658
100,230.56205081939697
100,289.3049907684326
100,208.6315462589264
100,404.59486842155457
100,224.20968556404114
100,549.6973247528076
100,192.9507417678833
100,343.5527412891388
100,540.3546919822693
100,349.5367133617401
100,544.2624633312225
100,301.1507000923157
100,281.860817193985
100,385.7426369190216
100,280.22254848480225
100,252.85776710510254
100,538.6304197311401
100,541.0317931175232
100,249.71356916427612
100,253.3908770084381
100,270.83054757118225
100,435.3724138736725
100,56.33962821960449
100,414.07663917541504
100,44.637558937072754
100,80.84922480583191
100,438.41509199142456
100,90.79908394813538
100,42.884259939193726
100,433.1953125
100,88.90065813064575
100,82.34446096420288
100,48.42092704772949
100,435.25095081329346
100,186.84543132781982
100,275.9134159088135
100,50.23313283920288
100,402.06986570358276
100,130.51459622383118
100,165.8994379043579
100,35.072270154953
100,410.41601729393005
100,39.21836757659912
100,94.80488324165344
100,430.2592041492462
100,62.67534065246582
100,36.61732530593872
100,74.9796051979065
100,40.723459005355835
100,96.34410881996155
100,55.2310950756073
100,225.8166320323944
100,223.85543751716614
100,58.04940986633301
100,119.15479731559753
100,135.0017011165619
100,100.4961929321289
100,194.60371375083923
100,193.2537226676941
100,107.68763494491577
100,445.43768787384033
100,426.62076592445374
100,130.73459267616272
100,245.72714948654175
100,141.97587203979492
100,77.19193506240845
100,200.40063762664795
100,127.39139437675476
100,49.3328595161438
100,52.49133777618408
100,120.36585974693298
100,77.74554109573364
100,134.60045647621155
100,267.8014307022095
100,162.5488715171814
100,167.47771883010864
100,464.8505964279175
100,92.32506346702576
100,237.34737753868103
100,439.68209075927734
100,130.79540300369263
100,136.65956163406372
100,439.81465673446655
100,121.64762759208679
100,186.88030529022217
100,432.6165347099304
100,434.5838408470154
100,170.38566517829895
100,184.4864161014557
100,428.04494547843933
100,325.6908679008484
100,217.51474738121033
100,440.0593059062958
100,175.1544234752655
100,440.0353262424469
100,440.8728241920471
100,209.1553430557251
100,250.3224639892578
100,302.0279207229614
100,333.71471762657166
100,264.5545632839203
100,262.97096371650696
100,258.10618805885315
100,310.95728635787964
100,247.90281891822815
100,349.8888130187988
100,240.53995299339294
100,389.70991253852844
100,354.22285747528076
100,344.75902819633484
100,304.10977268218994
100,419.20163321495056
100,331.82380533218384
100,340.149879693985
100,269.47077655792236
100,333.49891662597656
100,318.85566234588623
100,314.0222363471985
100,376.3329439163208
100,382.6747007369995
100,427.5882377624512
100,82.82425737380981
100,182.3415355682373
100,50.296398639678955
100,181.1521601676941
100,54.80315637588501
100,483.03102684020996
100,36.01147222518921
100,96.45605611801147
100,37.98150110244751
100,48.50320386886597
100,58.2750346660614
100,75.80643081665039
100,85.82345938682556
100,219.99417090415955
100,428.9145896434784
100,457.0412335395813
100,82.73531413078308
100,51.97622871398926
100,46.72239947319031
100,56.13287949562073
100,410.36630964279175
100,421.2941565513611
100,170.88218235969543
100,90.67711353302002
100,231.60208177566528
100,175.1349596977234
100,100.55392026901245
100,91.98044180870056
100,40.54529929161072
100,412.97382712364197
100,78.55190086364746
100,178.08509635925293
100,278.32754278182983
100,482.2897078990936
100,424.40049147605896
100,127.44245409965515
100,121.73029732704163
100,480.22536754608154
100,39.16794204711914
100,121.76235222816467
100,80.654794216156
100,162.49763751029968
100,41.943567514419556
100,63.7935733795166
100,170.95601058006287
100,289.93613862991333
100,500.6086456775665
100,103.82333445549011
100,94.83007311820984
100,444.5365581512451
100,314.0088777542114
100,41.57477426528931
100,136.94790077209473
100,481.7189073562622
100,132.92508387565613
100,141.3447585105896
100,451.0804967880249
100,117.82108187675476
100,479.73703789711
100,129.43884682655334
100,515.2212498188019
100,124.4521713256836
100,301.83296728134155
100,138.9869508743286
100,183.4988477230072
100,134.69959449768066
100,226.0567569732666
100,177.61381721496582
100,215.58087396621704
100,259.78689193725586
100,468.212673664093
100,165.62798738479614
100,343.61230540275574
100,247.0992124080658
100,165.33022689819336
100,183.46640300750732
100,233.44019055366516
100,222.8809826374054
100,294.7383861541748
100,396.6796398162842
100,455.8933663368225
100,354.46554160118103
100,235.79011797904968
100,333.0081877708435
100,207.14633560180664
100,403.76860427856445
100,467.36635756492615
100,297.28446984291077
100,216.7305839061737
100,501.8290374279022
100,390.4141285419464
100,195.13569259643555
100,267.99601793289185
100,432.71229672431946
100,240.57554721832275
100,254.39857292175293
100,299.52105236053467
100,230.9405677318573
100,291.8123435974121
100,327.3103940486908
100,43.46198129653931
100,395.44229388237
100,395.3487958908081
100,43.411733865737915
100,43.17097449302673
100,48.561619997024536
100,164.4927999973297
100,52.10719275474548
100,338.98225712776184
100,35.422292947769165
100,62.406227827072144
100,365.9428963661194
100,40.21351623535156
100,95.52062606811523
100,103.24059128761292
100,364.03607845306396
100,52.994935274124146
100,38.226834297180176
100,99.65221381187439
100,83.90282726287842
100,41.25190591812134
100,120.37609696388245
100,78.06337928771973
100,54.55639886856079
100,389.846556186676
100,174.5993378162384
100,115.84841752052307
100,49.910733699798584
100,56.192577600479126
100,128.4376723766327
100,76.87738370895386
100,80.05579376220703
100,86.94822382926941
100,160.74457478523254
100,253.19153571128845
100,166.29459476470947
100,90.22999048233032
100,42.95429611206055
100,83.56158661842346
100,132.21551156044006
100,284.7784914970398
100,57.906410932540894
100,82.95777440071106
100,401.62548637390137
100,125.6160364151001
100,125.50910639762878
100,144.80988025665283
100,122.98480129241943
100,168.5613911151886
100,190.0728108882904
100,215.12717723846436
100,181.61231398582458
100,117.58154106140137
100,398.5631697177887
100,206.9600648880005
100,120.0385582447052
100,263.2020502090454
100,132.8802740573883
100,122.67526459693909
100,129.7078423500061
100,261.39632201194763
100,135.88678789138794
100,161.98112297058105
100,147.48473715782166
100,179.60799527168274
100,221.99987149238586
100,142.65009093284607
100,376.3131175041199
100,186.96465945243835
100,171.22999334335327
100,177.16506719589233
100,169.44126439094543
100,208.60260653495789
100,258.0585322380066
100,224.08479046821594
100,204.6991102695465
100,397.5791726112366
100,214.69168496131897
100,263.9570052623749
100,220.5143072605133
100,326.3885028362274
100,232.78150820732117
100,177.9634120464325
100,329.1080141067505
100,291.6584038734436
100,218.73799562454224
100,228.8998966217041
100,386.1155924797058
100,270.39033246040344
100,248.61740708351135
100,210.83053517341614
100,254.66371965408325
100,211.17303252220154
100,326.14769220352173
100,402.0536756515503
100,278.2544255256653
100,281.34431171417236
100,250.58306884765625
100,268.7342245578766
100,293.1605312824249
100,38.8692569732666
100,42.457719802856445
100,419.53804445266724
100,40.750842332839966
100,106.64720034599304
100,79.40984630584717
100,97.6048378944397
100,134.81188488006592
100,59.213578939437866
100,87.91413402557373
100,65.73286890983582
100,43.81022834777832
100,403.1318838596344
100,81.34601283073425
100,86.08264183998108
100,154.84445238113403
100,119.4335207939148
100,49.682300329208374
100,90.744375705719
100,35.94561290740967
100,208.35388445854187
100,47.940263509750366
100,49.612436056137085
100,75.17040920257568
100,101.831307888031
100,84.45806455612183
100,55.868290424346924
100,55.860116720199585
100,94.84730267524719
100,93.18926525115967
100,325.8358488082886
100,45.943652391433716
100,251.80108761787415
100,308.6053853034973
100,83.2920331954956
100,132.37735962867737
100,412.3209300041199
100,245.91144323349
100,53.90696835517883
100,89.53052616119385
100,89.97704482078552
100,166.617915391922
100,114.10333466529846
100,256.6297240257263
100,161.69297790527344
100,116.86373281478882
100,124.62724089622498
100,216.7851219177246
100,129.79429650306702
100,125.23285937309265
100,36.22740602493286
100,76.39855718612671
100,197.30846309661865
100,132.05209398269653
100,122.90350294113159
100,414.37736535072327
100,121.24739098548889
100,205.35631203651428
100,237.52418994903564
100,271.2089865207672
100,136.79145169258118
100,128.0172610282898
100,257.60097074508667
100,144.68912386894226
100,249.43505668640137
100,159.92073845863342
100,130.30536603927612
100,206.32150554656982
100,392.81977820396423
100,140.45866918563843
100,200.17479848861694
100,181.3237006664276
100,156.34473299980164
100,162.98801851272583
100,262.27146887779236
100,169.29418659210205
100,167.15082478523254
100,201.90699434280396
100,302.70817017555237
100,402.2475700378418
100,414.19840240478516
100,164.32529377937317
100,421.11308002471924
100,412.48784732818604
100,182.5389232635498
100,176.67849016189575
100,406.8168704509735
100,414.57145714759827
100,220.59197473526
100,246.81211829185486
100,320.0211589336395
100,208.89656448364258
100,309.9412190914154
100,212.93611407279968
100,227.7488067150116
100,412.9395225048065
100,252.24346804618835
100,203.2412281036377
100,253.87212657928467
100,417.22777700424194
100,84.99706840515137
100,70.81221199035645
100,83.29599642753601
100,62.54710388183594
100,49.5416305065155
100,460.80748867988586
100,46.993743658065796
100,472.5554950237274
100,40.53724241256714
100,54.62612700462341
100,281.8957345485687
100,167.93450665473938
100,86.87629699707031
100,99.18273162841797
100,55.74546217918396
100,91.30503034591675
100,80.20867800712585
100,146.14927196502686
100,480.48383259773254
100,209.4468331336975
100,32.61011743545532
100,47.53665733337402
100,97.35244393348694
100,174.31596660614014
100,46.67649865150452
100,76.67667651176453
100,94.0476393699646
100,38.33019542694092
100,276.88468742370605
100,108.57951760292053
100,126.45044827461243
100,91.01120615005493
100,293.2496955394745
100,492.56344532966614
100,81.71252727508545
100,52.0485737323761
100,130.17846059799194
100,85.36159992218018
100,131.64250588417053
100,244.82043957710266
100,131.62260746955872
100,128.8704776763916
100,477.71088552474976
100,100.43888831138611
100,453.73258209228516
100,39.935657024383545
100,509.83631706237793
100,213.59805631637573
100,488.9571924209595
100,88.05603623390198
100,255.32677721977234
100,112.90499138832092
100,152.64652633666992
100,121.77288389205933
100,117.34897494316101
100,199.72843027114868
100,286.5955891609192
100,239.1276729106903
100,163.28381776809692
100,123.7074646949768
100,182.66147422790527
100,134.1688859462738
100,134.1343855857849
100,158.31003284454346
100,137.58791089057922
100,171.7314751148224
100,225.35509300231934
100,180.5950734615326
100,489.6240203380585
100,490.98416352272034
100,170.0830147266388
100,371.3690097332001
100,305.5940959453583
100,223.43960523605347
100,288.1162474155426
100,211.26857733726501
100,336.11463046073914
100,489.26405239105225
100,154.64853286743164
100,487.7170886993408
100,258.18999886512756
100,196.61093521118164
100,272.5415868759155
100,351.4655089378357
100,179.66701364517212
100,243.2199034690857
100,488.30496859550476
100,227.75640153884888
100,464.267746925354
100,229.35742235183716
100,192.60518217086792
100,470.7267692089081
100,490.72714352607727
100,215.0716471672058
100,293.808721780777
100,307.81619238853455
100,221.63911151885986
100,200.0255947113037
100,230.91897082328796
100,324.41108417510986
